age,10km count,42km count,21km count,speed,10km speed,42km speed,21km speed,female speed,male speed,count,female count,male count,10km speed,42km speed,21km speed,female speed,male speed,count,female count,10km count,42km count,21km count,male count,10km speed,42km speed,21km speed,female speed,male speed,count,10km count,42km count,21km count,female count,10km count,42km count,21km count,male count,10km speed,42km speed,21km speed,female speed,male speed,count,10km count,42km count,21km count,female count,male count,10km speed,42km speed,21km speed,female speed,male speed,time,10km count,42km count,21km count,female count,male count,time,10km speed,42km speed,21km speed,female speed,male speed,time,10km count,42km count,21km count,female count,male count,time,10km time,42km time,21km time,10km speed,42km speed,21km speed,female speed,male speed,time,10km count,42km count,21km count,female count,male count,time,10km time,42km time,21km time,female time,male time
15,37.0,0.0,0.0,3.325879567039021,3.325879567039021,3.14428963072825,3.0661195318614074,3.090119174519667,3.5055065327680537,37,16.0,21.0,3.325879567039021,3.14428963072825,3.0661195318614074,3.090119174519667,3.5055065327680537,37,16.0,37.0,0.0,0.0,21.0,3.325879567039021,3.14428963072825,3.0661195318614074,3.090119174519667,3.5055065327680537,37,37.0,0.0,0.0,16.0,37.0,0.0,0.0,21.0,3.325879567039021,3.14428963072825,3.0661195318614074,3.090119174519667,3.5055065327680537,37,37.0,0.0,0.0,16.0,21.0,3.325879567039021,3.14428963072825,3.0661195318614074,3.090119174519667,3.5055065327680537,3070.189189189189,37.0,0.0,0.0,16.0,21.0,3070.189189189189,3.325879567039021,3.14428963072825,3.0661195318614074,3.090119174519667,3.5055065327680537,3070.189189189189,37.0,0.0,0.0,16.0,21.0,3070.189189189189,3070.189189189189,13530.4,7035.428571428572,3.325879567039021,3.14428963072825,3.0661195318614074,3.090119174519667,3.5055065327680537,3070.189189189189,37.0,0.0,0.0,16.0,21.0,3070.189189189189,3070.189189189189,13530.4,7035.428571428572,3309.75,2887.6666666666665
16,55.0,0.0,0.0,3.2501031106443046,3.2501031106443046,3.14428963072825,3.0661195318614074,2.76528635718213,3.5733142796190887,55,22.0,33.0,3.2501031106443046,3.14428963072825,3.0661195318614074,2.76528635718213,3.5733142796190887,55,22.0,55.0,0.0,0.0,33.0,3.2501031106443046,3.14428963072825,3.0661195318614074,2.76528635718213,3.5733142796190887,55,55.0,0.0,0.0,22.0,55.0,0.0,0.0,33.0,3.2501031106443046,3.14428963072825,3.0661195318614074,2.76528635718213,3.5733142796190887,55,55.0,0.0,0.0,22.0,33.0,3.2501031106443046,3.14428963072825,3.0661195318614074,2.76528635718213,3.5733142796190887,3175.981818181818,55.0,0.0,0.0,22.0,33.0,3175.981818181818,3.2501031106443046,3.14428963072825,3.0661195318614074,2.76528635718213,3.5733142796190887,3175.981818181818,55.0,0.0,0.0,22.0,33.0,3175.981818181818,3175.981818181818,13530.4,7035.428571428572,3.2501031106443046,3.14428963072825,3.0661195318614074,2.76528635718213,3.5733142796190887,3175.981818181818,55.0,0.0,0.0,22.0,33.0,3175.981818181818,3175.981818181818,13530.4,7035.428571428572,3658.2727272727275,2854.4545454545455
17,74.0,0.0,7.0,3.3319666471620697,3.3571143472580784,3.14428963072825,3.0661195318614074,3.0954053220095537,3.4864556758331022,81,32.0,49.0,3.3571143472580784,3.14428963072825,3.0661195318614074,3.0954053220095537,3.4864556758331022,81,32.0,74.0,0.0,7.0,49.0,3.3571143472580784,3.14428963072825,3.0661195318614074,3.0954053220095537,3.4864556758331022,81,74.0,0.0,7.0,32.0,74.0,0.0,7.0,49.0,3.3571143472580784,3.14428963072825,3.0661195318614074,3.0954053220095537,3.4864556758331022,81,74.0,0.0,7.0,32.0,49.0,3.3571143472580784,3.14428963072825,3.0661195318614074,3.0954053220095537,3.4864556758331022,3399.6913580246915,74.0,0.0,7.0,32.0,49.0,3399.6913580246915,3.3571143472580784,3.14428963072825,3.0661195318614074,3.0954053220095537,3.4864556758331022,3399.6913580246915,74.0,0.0,7.0,32.0,49.0,3399.6913580246915,3055.7702702702704,13530.4,7035.428571428572,3.3571143472580784,3.14428963072825,3.0661195318614074,3.0954053220095537,3.4864556758331022,3399.6913580246915,74.0,0.0,7.0,32.0,49.0,3399.6913580246915,3055.7702702702704,13530.4,7035.428571428572,3463.34375,3358.122448979592
18,90.0,0.0,18.0,3.408499462905507,3.463140381081253,3.14428963072825,3.1352948720267753,3.0102826254025907,3.607607881656966,108,36.0,72.0,3.463140381081253,3.14428963072825,3.1352948720267753,3.0102826254025907,3.607607881656966,108,36.0,90.0,0.0,18.0,72.0,3.463140381081253,3.14428963072825,3.1352948720267753,3.0102826254025907,3.607607881656966,108,90.0,0.0,18.0,36.0,90.0,0.0,18.0,72.0,3.463140381081253,3.14428963072825,3.1352948720267753,3.0102826254025907,3.607607881656966,108,90.0,0.0,18.0,36.0,72.0,3.463140381081253,3.14428963072825,3.1352948720267753,3.0102826254025907,3.607607881656966,3635.3981481481483,90.0,0.0,18.0,36.0,72.0,3635.3981481481483,3.463140381081253,3.14428963072825,3.1352948720267753,3.0102826254025907,3.607607881656966,3635.3981481481483,90.0,0.0,18.0,36.0,72.0,3635.3981481481483,2990.277777777778,13530.4,6861.0,3.463140381081253,3.14428963072825,3.1352948720267753,3.0102826254025907,3.607607881656966,3635.3981481481483,90.0,0.0,18.0,36.0,72.0,3635.3981481481483,2990.277777777778,13530.4,6861.0,4196.333333333333,3354.9305555555557
19,71.0,5.0,26.0,3.2546709917591277,3.2780149518051416,3.14428963072825,3.212151208754793,2.95820395947997,3.479577016246762,102,44.0,58.0,3.2780149518051416,3.14428963072825,3.212151208754793,2.95820395947997,3.479577016246762,102,44.0,71.0,5.0,26.0,58.0,3.2780149518051416,3.14428963072825,3.212151208754793,2.95820395947997,3.479577016246762,102,71.0,5.0,26.0,44.0,71.0,5.0,26.0,58.0,3.2780149518051416,3.14428963072825,3.212151208754793,2.95820395947997,3.479577016246762,102,71.0,5.0,26.0,44.0,58.0,3.2780149518051416,3.14428963072825,3.212151208754793,2.95820395947997,3.479577016246762,4593.774509803921,71.0,5.0,26.0,44.0,58.0,4593.774509803921,3.2780149518051416,3.14428963072825,3.212151208754793,2.95820395947997,3.479577016246762,4593.774509803921,71.0,5.0,26.0,44.0,58.0,4593.774509803921,3167.4647887323945,13530.4,6770.115384615385,3.2780149518051416,3.14428963072825,3.212151208754793,2.95820395947997,3.479577016246762,4593.774509803921,71.0,5.0,26.0,44.0,58.0,4593.774509803921,3167.4647887323945,13530.4,6770.115384615385,4144.090909090909,4934.913793103448
20,67.0,5.0,44.0,3.3051448433849435,3.3790388434007257,3.1422306496818373,3.211137410827172,2.9821241517469317,3.502546377163729,116,44.0,72.0,3.3790388434007257,3.1422306496818373,3.211137410827172,2.9821241517469317,3.502546377163729,116,44.0,67.0,5.0,44.0,72.0,3.3790388434007257,3.1422306496818373,3.211137410827172,2.9821241517469317,3.502546377163729,116,67.0,5.0,44.0,44.0,67.0,5.0,44.0,72.0,3.3790388434007257,3.1422306496818373,3.211137410827172,2.9821241517469317,3.502546377163729,116,67.0,5.0,44.0,44.0,72.0,3.3790388434007257,3.1422306496818373,3.211137410827172,2.9821241517469317,3.502546377163729,4882.577586206897,67.0,5.0,44.0,44.0,72.0,4882.577586206897,3.3790388434007257,3.1422306496818373,3.211137410827172,2.9821241517469317,3.502546377163729,4882.577586206897,67.0,5.0,44.0,44.0,72.0,4882.577586206897,3059.3582089552237,13460.8,6684.045454545455,3.3790388434007257,3.1422306496818373,3.211137410827172,2.9821241517469317,3.502546377163729,4882.577586206897,67.0,5.0,44.0,44.0,72.0,4882.577586206897,3059.3582089552237,13460.8,6684.045454545455,4975.431818181818,4825.833333333333
21,77.0,2.0,46.0,3.181613393166517,3.2069919997070966,3.428588009258327,3.1283937858663395,2.9357643074455297,3.5155970567874837,125,72.0,53.0,3.2069919997070966,3.428588009258327,3.1283937858663395,2.9357643074455297,3.5155970567874837,125,72.0,77.0,2.0,46.0,53.0,3.2069919997070966,3.428588009258327,3.1283937858663395,2.9357643074455297,3.5155970567874837,125,77.0,2.0,46.0,72.0,77.0,2.0,46.0,53.0,3.2069919997070966,3.428588009258327,3.1283937858663395,2.9357643074455297,3.5155970567874837,125,77.0,2.0,46.0,72.0,53.0,3.2069919997070966,3.428588009258327,3.1283937858663395,2.9357643074455297,3.5155970567874837,4721.472,77.0,2.0,46.0,72.0,53.0,4721.472,3.2069919997070966,3.428588009258327,3.1283937858663395,2.9357643074455297,3.5155970567874837,4721.472,77.0,2.0,46.0,72.0,53.0,4721.472,3231.961038961039,12255.0,6887.239130434783,3.2069919997070966,3.428588009258327,3.1283937858663395,2.9357643074455297,3.5155970567874837,4721.472,77.0,2.0,46.0,72.0,53.0,4721.472,3231.961038961039,12255.0,6887.239130434783,4770.041666666667,4655.490566037736
22,111.0,12.0,53.0,3.204654788431371,3.2930689609489554,2.867653105528456,3.0957877515518057,2.9537853236988902,3.4089711566155576,176,79.0,97.0,3.2930689609489554,2.867653105528456,3.0957877515518057,2.9537853236988902,3.4089711566155576,176,79.0,111.0,12.0,53.0,97.0,3.2930689609489554,2.867653105528456,3.0957877515518057,2.9537853236988902,3.4089711566155576,176,111.0,12.0,53.0,79.0,111.0,12.0,53.0,97.0,3.2930689609489554,2.867653105528456,3.0957877515518057,2.9537853236988902,3.4089711566155576,176,111.0,12.0,53.0,79.0,97.0,3.2930689609489554,2.867653105528456,3.0957877515518057,2.9537853236988902,3.4089711566155576,5099.153409090909,111.0,12.0,53.0,79.0,97.0,5099.153409090909,3.2930689609489554,2.867653105528456,3.0957877515518057,2.9537853236988902,3.4089711566155576,5099.153409090909,111.0,12.0,53.0,79.0,97.0,5099.153409090909,3151.4144144144143,14902.833333333334,6958.679245283019,3.2930689609489554,2.867653105528456,3.0957877515518057,2.9537853236988902,3.4089711566155576,5099.153409090909,111.0,12.0,53.0,79.0,97.0,5099.153409090909,3151.4144144144143,14902.833333333334,6958.679245283019,4521.050632911392,5569.979381443299
23,127.0,11.0,59.0,3.1673926419553853,3.181779884247673,3.10260192498037,3.1485031184910506,2.8953428854416634,3.518526630013788,197,111.0,86.0,3.181779884247673,3.10260192498037,3.1485031184910506,2.8953428854416634,3.518526630013788,197,111.0,127.0,11.0,59.0,86.0,3.181779884247673,3.10260192498037,3.1485031184910506,2.8953428854416634,3.518526630013788,197,127.0,11.0,59.0,111.0,127.0,11.0,59.0,86.0,3.181779884247673,3.10260192498037,3.1485031184910506,2.8953428854416634,3.518526630013788,197,127.0,11.0,59.0,111.0,86.0,3.181779884247673,3.10260192498037,3.1485031184910506,2.8953428854416634,3.518526630013788,4928.9796954314725,127.0,11.0,59.0,111.0,86.0,4928.9796954314725,3.181779884247673,3.10260192498037,3.1485031184910506,2.8953428854416634,3.518526630013788,4928.9796954314725,127.0,11.0,59.0,111.0,86.0,4928.9796954314725,3252.2913385826773,13811.454545454546,6882.067796610169,3.181779884247673,3.10260192498037,3.1485031184910506,2.8953428854416634,3.518526630013788,4928.9796954314725,127.0,11.0,59.0,111.0,86.0,4928.9796954314725,3252.2913385826773,13811.454545454546,6882.067796610169,4687.4324324324325,5240.7441860465115
24,147.0,9.0,81.0,3.1231610750564847,3.1029574554710613,3.0408571293865503,3.1689717860452045,2.9159159687328864,3.4616614153850263,237,147.0,90.0,3.1029574554710613,3.0408571293865503,3.1689717860452045,2.9159159687328864,3.4616614153850263,237,147.0,147.0,9.0,81.0,90.0,3.1029574554710613,3.0408571293865503,3.1689717860452045,2.9159159687328864,3.4616614153850263,237,147.0,9.0,81.0,147.0,147.0,9.0,81.0,90.0,3.1029574554710613,3.0408571293865503,3.1689717860452045,2.9159159687328864,3.4616614153850263,237,147.0,9.0,81.0,147.0,90.0,3.1029574554710613,3.0408571293865503,3.1689717860452045,2.9159159687328864,3.4616614153850263,4919.2194092827,147.0,9.0,81.0,147.0,90.0,4919.2194092827,3.1029574554710613,3.0408571293865503,3.1689717860452045,2.9159159687328864,3.4616614153850263,4919.2194092827,147.0,9.0,81.0,147.0,90.0,4919.2194092827,3329.1768707482993,13947.333333333334,6801.728395061728,3.1029574554710613,3.0408571293865503,3.1689717860452045,2.9159159687328864,3.4616614153850263,4919.2194092827,147.0,9.0,81.0,147.0,90.0,4919.2194092827,3329.1768707482993,13947.333333333334,6801.728395061728,4650.0204081632655,5358.9111111111115
25,156.0,14.0,80.0,3.175269655946443,3.1612641173306386,2.8382842312693177,3.261552905565759,2.8935911477922422,3.5396427719991244,250,141.0,109.0,3.1612641173306386,2.8382842312693177,3.261552905565759,2.8935911477922422,3.5396427719991244,250,141.0,156.0,14.0,80.0,109.0,3.1612641173306386,2.8382842312693177,3.261552905565759,2.8935911477922422,3.5396427719991244,250,156.0,14.0,80.0,141.0,156.0,14.0,80.0,109.0,3.1612641173306386,2.8382842312693177,3.261552905565759,2.8935911477922422,3.5396427719991244,250,156.0,14.0,80.0,141.0,109.0,3.1612641173306386,2.8382842312693177,3.261552905565759,2.8935911477922422,3.5396427719991244,5011.244,156.0,14.0,80.0,141.0,109.0,5011.244,3.1612641173306386,2.8382842312693177,3.261552905565759,2.8935911477922422,3.5396427719991244,5011.244,156.0,14.0,80.0,141.0,109.0,5011.244,3273.4871794871797,15127.857142857143,6629.4625,3.1612641173306386,2.8382842312693177,3.261552905565759,2.8935911477922422,3.5396427719991244,5011.244,156.0,14.0,80.0,141.0,109.0,5011.244,3273.4871794871797,15127.857142857143,6629.4625,4962.581560283688,5074.192660550459
26,143.0,21.0,100.0,3.1001666663875316,3.0659302033929965,3.1015656817814423,3.148831015237001,2.8290483373060296,3.3712849954690376,264,132.0,132.0,3.0659302033929965,3.1015656817814423,3.148831015237001,2.8290483373060296,3.3712849954690376,264,132.0,143.0,21.0,100.0,132.0,3.0659302033929965,3.1015656817814423,3.148831015237001,2.8290483373060296,3.3712849954690376,264,143.0,21.0,100.0,132.0,143.0,21.0,100.0,132.0,3.0659302033929965,3.1015656817814423,3.148831015237001,2.8290483373060296,3.3712849954690376,264,143.0,21.0,100.0,132.0,132.0,3.0659302033929965,3.1015656817814423,3.148831015237001,2.8290483373060296,3.3712849954690376,5502.492424242424,143.0,21.0,100.0,132.0,132.0,5502.492424242424,3.0659302033929965,3.1015656817814423,3.148831015237001,2.8290483373060296,3.3712849954690376,5502.492424242424,143.0,21.0,100.0,132.0,132.0,5502.492424242424,3368.6433566433566,13722.238095238095,6827.75,3.0659302033929965,3.1015656817814423,3.148831015237001,2.8290483373060296,3.3712849954690376,5502.492424242424,143.0,21.0,100.0,132.0,132.0,5502.492424242424,3368.6433566433566,13722.238095238095,6827.75,5273.80303030303,5731.181818181818
27,160.0,20.0,124.0,3.152950454057536,3.129732029378303,3.0970564505208644,3.191924873568911,2.899491452788898,3.4030962657671067,304,151.0,153.0,3.129732029378303,3.0970564505208644,3.191924873568911,2.899491452788898,3.4030962657671067,304,151.0,160.0,20.0,124.0,153.0,3.129732029378303,3.0970564505208644,3.191924873568911,2.899491452788898,3.4030962657671067,304,160.0,20.0,124.0,151.0,160.0,20.0,124.0,153.0,3.129732029378303,3.0970564505208644,3.191924873568911,2.899491452788898,3.4030962657671067,304,160.0,20.0,124.0,151.0,153.0,3.129732029378303,3.0970564505208644,3.191924873568911,2.899491452788898,3.4030962657671067,5414.986842105263,160.0,20.0,124.0,151.0,153.0,5414.986842105263,3.129732029378303,3.0970564505208644,3.191924873568911,2.899491452788898,3.4030962657671067,5414.986842105263,160.0,20.0,124.0,151.0,153.0,5414.986842105263,3299.275,14130.0,6739.290322580645,3.129732029378303,3.0970564505208644,3.191924873568911,2.899491452788898,3.4030962657671067,5414.986842105263,160.0,20.0,124.0,151.0,153.0,5414.986842105263,3299.275,14130.0,6739.290322580645,5198.556291390729,5628.588235294118
28,164.0,30.0,142.0,3.1292198752246545,3.133192335452693,2.9236510749528777,3.16806199163842,2.9100119456277693,3.340736298519894,336,165.0,171.0,3.133192335452693,2.9236510749528777,3.16806199163842,2.9100119456277693,3.340736298519894,336,165.0,164.0,30.0,142.0,171.0,3.133192335452693,2.9236510749528777,3.16806199163842,2.9100119456277693,3.340736298519894,336,164.0,30.0,142.0,165.0,164.0,30.0,142.0,171.0,3.133192335452693,2.9236510749528777,3.16806199163842,2.9100119456277693,3.340736298519894,336,164.0,30.0,142.0,165.0,171.0,3.133192335452693,2.9236510749528777,3.16806199163842,2.9100119456277693,3.340736298519894,5788.741071428572,164.0,30.0,142.0,165.0,171.0,5788.741071428572,3.133192335452693,2.9236510749528777,3.16806199163842,2.9100119456277693,3.340736298519894,5788.741071428572,164.0,30.0,142.0,165.0,171.0,5788.741071428572,3298.762195121951,14785.766666666666,6763.711267605634,3.133192335452693,2.9236510749528777,3.16806199163842,2.9100119456277693,3.340736298519894,5788.741071428572,164.0,30.0,142.0,165.0,171.0,5788.741071428572,3298.762195121951,14785.766666666666,6763.711267605634,5492.6,6074.491228070176
29,203.0,19.0,159.0,3.125533661404549,3.16875797019328,2.8865010728838967,3.0989115513276912,2.8879770309727597,3.3618465398445476,381,190.0,191.0,3.16875797019328,2.8865010728838967,3.0989115513276912,2.8879770309727597,3.3618465398445476,381,190.0,203.0,19.0,159.0,191.0,3.16875797019328,2.8865010728838967,3.0989115513276912,2.8879770309727597,3.3618465398445476,381,203.0,19.0,159.0,190.0,203.0,19.0,159.0,191.0,3.16875797019328,2.8865010728838967,3.0989115513276912,2.8879770309727597,3.3618465398445476,381,203.0,19.0,159.0,190.0,191.0,3.16875797019328,2.8865010728838967,3.0989115513276912,2.8879770309727597,3.3618465398445476,5368.582677165355,203.0,19.0,159.0,190.0,191.0,5368.582677165355,3.16875797019328,2.8865010728838967,3.0989115513276912,2.8879770309727597,3.3618465398445476,5368.582677165355,203.0,19.0,159.0,190.0,191.0,5368.582677165355,3251.906403940887,14804.0,6943.503144654088,3.16875797019328,2.8865010728838967,3.0989115513276912,2.8879770309727597,3.3618465398445476,5368.582677165355,203.0,19.0,159.0,190.0,191.0,5368.582677165355,3251.906403940887,14804.0,6943.503144654088,5300.08947368421,5436.717277486911
30,150.0,31.0,162.0,3.0935815139021194,3.105952058507875,2.9681732231472595,3.1061251887325976,2.840098465871193,3.31520603677069,343,160.0,183.0,3.105952058507875,2.9681732231472595,3.1061251887325976,2.840098465871193,3.31520603677069,343,160.0,150.0,31.0,162.0,183.0,3.105952058507875,2.9681732231472595,3.1061251887325976,2.840098465871193,3.31520603677069,343,150.0,31.0,162.0,160.0,150.0,31.0,162.0,183.0,3.105952058507875,2.9681732231472595,3.1061251887325976,2.840098465871193,3.31520603677069,343,150.0,31.0,162.0,160.0,183.0,3.105952058507875,2.9681732231472595,3.1061251887325976,2.840098465871193,3.31520603677069,6016.819241982507,150.0,31.0,162.0,160.0,183.0,6016.819241982507,3.105952058507875,2.9681732231472595,3.1061251887325976,2.840098465871193,3.31520603677069,6016.819241982507,150.0,31.0,162.0,160.0,183.0,6016.819241982507,3324.6,14412.774193548386,6902.981481481482,3.105952058507875,2.9681732231472595,3.1061251887325976,2.840098465871193,3.31520603677069,6016.819241982507,150.0,31.0,162.0,160.0,183.0,6016.819241982507,3324.6,14412.774193548386,6902.981481481482,5689.9625,6302.595628415301
31,157.0,42.0,131.0,3.135663558122791,3.1715050598532426,3.039536252149815,3.1235279175058825,2.874976522967398,3.325378206743735,330,139.0,191.0,3.1715050598532426,3.039536252149815,3.1235279175058825,2.874976522967398,3.325378206743735,330,139.0,157.0,42.0,131.0,191.0,3.1715050598532426,3.039536252149815,3.1235279175058825,2.874976522967398,3.325378206743735,330,157.0,42.0,131.0,139.0,157.0,42.0,131.0,191.0,3.1715050598532426,3.039536252149815,3.1235279175058825,2.874976522967398,3.325378206743735,330,157.0,42.0,131.0,139.0,191.0,3.1715050598532426,3.039536252149815,3.1235279175058825,2.874976522967398,3.325378206743735,6077.890909090909,157.0,42.0,131.0,139.0,191.0,6077.890909090909,3.1715050598532426,3.039536252149815,3.1235279175058825,2.874976522967398,3.325378206743735,6077.890909090909,157.0,42.0,131.0,139.0,191.0,6077.890909090909,3257.191082802548,14120.404761904761,6879.908396946565,3.1715050598532426,3.039536252149815,3.1235279175058825,2.874976522967398,3.325378206743735,6077.890909090909,157.0,42.0,131.0,139.0,191.0,6077.890909090909,3257.191082802548,14120.404761904761,6879.908396946565,5797.014388489209,6282.298429319371
32,161.0,42.0,140.0,3.173256393403495,3.1963328587105058,3.0939281840868706,3.1705169210954165,2.9148085632779006,3.3514962762487315,343,140.0,203.0,3.1963328587105058,3.0939281840868706,3.1705169210954165,2.9148085632779006,3.3514962762487315,343,140.0,161.0,42.0,140.0,203.0,3.1963328587105058,3.0939281840868706,3.1705169210954165,2.9148085632779006,3.3514962762487315,343,161.0,42.0,140.0,140.0,161.0,42.0,140.0,203.0,3.1963328587105058,3.0939281840868706,3.1705169210954165,2.9148085632779006,3.3514962762487315,343,161.0,42.0,140.0,140.0,203.0,3.1963328587105058,3.0939281840868706,3.1705169210954165,2.9148085632779006,3.3514962762487315,6006.2303206997085,161.0,42.0,140.0,140.0,203.0,6006.2303206997085,3.1963328587105058,3.0939281840868706,3.1705169210954165,2.9148085632779006,3.3514962762487315,6006.2303206997085,161.0,42.0,140.0,140.0,203.0,6006.2303206997085,3260.6894409937886,13880.904761904761,6801.2,3.1963328587105058,3.0939281840868706,3.1705169210954165,2.9148085632779006,3.3514962762487315,6006.2303206997085,161.0,42.0,140.0,140.0,203.0,6006.2303206997085,3260.6894409937886,13880.904761904761,6801.2,5703.692857142857,6214.87684729064
33,162.0,29.0,135.0,3.1485289260459766,3.142146705463376,3.065981129896073,3.173920080288404,2.9012000983636357,3.351642544310241,326,147.0,179.0,3.142146705463376,3.065981129896073,3.173920080288404,2.9012000983636357,3.351642544310241,326,147.0,162.0,29.0,135.0,179.0,3.142146705463376,3.065981129896073,3.173920080288404,2.9012000983636357,3.351642544310241,326,162.0,29.0,135.0,147.0,162.0,29.0,135.0,179.0,3.142146705463376,3.065981129896073,3.173920080288404,2.9012000983636357,3.351642544310241,326,162.0,29.0,135.0,147.0,179.0,3.142146705463376,3.065981129896073,3.173920080288404,2.9012000983636357,3.351642544310241,5672.71472392638,162.0,29.0,135.0,147.0,179.0,5672.71472392638,3.142146705463376,3.065981129896073,3.173920080288404,2.9012000983636357,3.351642544310241,5672.71472392638,162.0,29.0,135.0,147.0,179.0,5672.71472392638,3289.882716049383,13909.172413793103,6762.8,3.142146705463376,3.065981129896073,3.173920080288404,2.9012000983636357,3.351642544310241,5672.71472392638,162.0,29.0,135.0,147.0,179.0,5672.71472392638,3289.882716049383,13909.172413793103,6762.8,5148.523809523809,6103.195530726257
34,159.0,52.0,127.0,3.1703055253219814,3.165091971949054,3.2048737232985127,3.1626788221055615,2.881281363138232,3.3464726337006434,338,128.0,210.0,3.165091971949054,3.2048737232985127,3.1626788221055615,2.881281363138232,3.3464726337006434,338,128.0,159.0,52.0,127.0,210.0,3.165091971949054,3.2048737232985127,3.1626788221055615,2.881281363138232,3.3464726337006434,338,159.0,52.0,127.0,128.0,159.0,52.0,127.0,210.0,3.165091971949054,3.2048737232985127,3.1626788221055615,2.881281363138232,3.3464726337006434,338,159.0,52.0,127.0,128.0,210.0,3.165091971949054,3.2048737232985127,3.1626788221055615,2.881281363138232,3.3464726337006434,6153.704142011834,159.0,52.0,127.0,128.0,210.0,6153.704142011834,3.165091971949054,3.2048737232985127,3.1626788221055615,2.881281363138232,3.3464726337006434,6153.704142011834,159.0,52.0,127.0,128.0,210.0,6153.704142011834,3277.194968553459,13455.192307692309,6765.417322834645,3.165091971949054,3.2048737232985127,3.1626788221055615,2.881281363138232,3.3464726337006434,6153.704142011834,159.0,52.0,127.0,128.0,210.0,6153.704142011834,3277.194968553459,13455.192307692309,6765.417322834645,5468.25,6571.504761904762
35,153.0,33.0,140.0,3.147906326694652,3.124439311143911,3.0781604359885195,3.1899925250701235,2.8682586366809435,3.312966670556405,326,121.0,205.0,3.124439311143911,3.0781604359885195,3.1899925250701235,2.8682586366809435,3.312966670556405,326,121.0,153.0,33.0,140.0,205.0,3.124439311143911,3.0781604359885195,3.1899925250701235,2.8682586366809435,3.312966670556405,326,153.0,33.0,140.0,121.0,153.0,33.0,140.0,205.0,3.124439311143911,3.0781604359885195,3.1899925250701235,2.8682586366809435,3.312966670556405,326,153.0,33.0,140.0,121.0,205.0,3.124439311143911,3.0781604359885195,3.1899925250701235,2.8682586366809435,3.312966670556405,5855.046012269939,153.0,33.0,140.0,121.0,205.0,5855.046012269939,3.124439311143911,3.0781604359885195,3.1899925250701235,2.8682586366809435,3.312966670556405,5855.046012269939,153.0,33.0,140.0,121.0,205.0,5855.046012269939,3290.3137254901962,13968.272727272728,6745.528571428571,3.124439311143911,3.0781604359885195,3.1899925250701235,2.8682586366809435,3.312966670556405,5855.046012269939,153.0,33.0,140.0,121.0,205.0,5855.046012269939,3290.3137254901962,13968.272727272728,6745.528571428571,5381.570247933884,6134.512195121952
36,159.0,40.0,122.0,3.161261139692843,3.1368138406667634,3.2470067676914622,3.1650094628502297,2.898139468347659,3.354691125114166,321,136.0,185.0,3.1368138406667634,3.2470067676914622,3.1650094628502297,2.898139468347659,3.354691125114166,321,136.0,159.0,40.0,122.0,185.0,3.1368138406667634,3.2470067676914622,3.1650094628502297,2.898139468347659,3.354691125114166,321,159.0,40.0,122.0,136.0,159.0,40.0,122.0,185.0,3.1368138406667634,3.2470067676914622,3.1650094628502297,2.898139468347659,3.354691125114166,321,159.0,40.0,122.0,136.0,185.0,3.1368138406667634,3.2470067676914622,3.1650094628502297,2.898139468347659,3.354691125114166,5854.389408099689,159.0,40.0,122.0,136.0,185.0,5854.389408099689,3.1368138406667634,3.2470067676914622,3.1650094628502297,2.898139468347659,3.354691125114166,5854.389408099689,159.0,40.0,122.0,136.0,185.0,5854.389408099689,3294.1635220125786,13188.95,6786.303278688524,3.1368138406667634,3.2470067676914622,3.1650094628502297,2.898139468347659,3.354691125114166,5854.389408099689,159.0,40.0,122.0,136.0,185.0,5854.389408099689,3294.1635220125786,13188.95,6786.303278688524,5233.52205882353,6310.810810810811
37,149.0,34.0,153.0,3.150771991748254,3.1159922657922934,3.163978390615774,3.181707688519118,2.8890264237313343,3.3159512337006785,336,130.0,206.0,3.1159922657922934,3.163978390615774,3.181707688519118,2.8890264237313343,3.3159512337006785,336,130.0,149.0,34.0,153.0,206.0,3.1159922657922934,3.163978390615774,3.181707688519118,2.8890264237313343,3.3159512337006785,336,149.0,34.0,153.0,130.0,149.0,34.0,153.0,206.0,3.1159922657922934,3.163978390615774,3.181707688519118,2.8890264237313343,3.3159512337006785,336,149.0,34.0,153.0,130.0,206.0,3.1159922657922934,3.163978390615774,3.181707688519118,2.8890264237313343,3.3159512337006785,5926.2797619047615,149.0,34.0,153.0,130.0,206.0,5926.2797619047615,3.1159922657922934,3.163978390615774,3.181707688519118,2.8890264237313343,3.3159512337006785,5926.2797619047615,149.0,34.0,153.0,130.0,206.0,5926.2797619047615,3309.6778523489934,13642.941176470587,6759.660130718954,3.1159922657922934,3.163978390615774,3.181707688519118,2.8890264237313343,3.3159512337006785,5926.2797619047615,149.0,34.0,153.0,130.0,206.0,5926.2797619047615,3309.6778523489934,13642.941176470587,6759.660130718954,5610.153846153846,6125.776699029127
38,169.0,36.0,142.0,3.118244469154996,3.140470779572625,3.0198239106453153,3.116743720181543,2.8511876697481155,3.294578623787291,347,138.0,209.0,3.140470779572625,3.0198239106453153,3.116743720181543,2.8511876697481155,3.294578623787291,347,138.0,169.0,36.0,142.0,209.0,3.140470779572625,3.0198239106453153,3.116743720181543,2.8511876697481155,3.294578623787291,347,169.0,36.0,142.0,138.0,169.0,36.0,142.0,209.0,3.140470779572625,3.0198239106453153,3.116743720181543,2.8511876697481155,3.294578623787291,347,169.0,36.0,142.0,138.0,209.0,3.140470779572625,3.0198239106453153,3.116743720181543,2.8511876697481155,3.294578623787291,5884.78386167147,169.0,36.0,142.0,138.0,209.0,5884.78386167147,3.140470779572625,3.0198239106453153,3.116743720181543,2.8511876697481155,3.294578623787291,5884.78386167147,169.0,36.0,142.0,138.0,209.0,5884.78386167147,3273.627218934911,14176.472222222223,6890.30985915493,3.140470779572625,3.0198239106453153,3.116743720181543,2.8511876697481155,3.294578623787291,5884.78386167147,169.0,36.0,142.0,138.0,209.0,5884.78386167147,3273.627218934911,14176.472222222223,6890.30985915493,5353.652173913043,6235.483253588517
39,122.0,45.0,123.0,3.1143648583461694,3.1034368941458252,3.139214623595733,3.11611259977879,2.861581341734112,3.2535985600094985,290,103.0,187.0,3.1034368941458252,3.139214623595733,3.11611259977879,2.861581341734112,3.2535985600094985,290,103.0,122.0,45.0,123.0,187.0,3.1034368941458252,3.139214623595733,3.11611259977879,2.861581341734112,3.2535985600094985,290,122.0,45.0,123.0,103.0,122.0,45.0,123.0,187.0,3.1034368941458252,3.139214623595733,3.11611259977879,2.861581341734112,3.2535985600094985,290,122.0,45.0,123.0,103.0,187.0,3.1034368941458252,3.139214623595733,3.11611259977879,2.861581341734112,3.2535985600094985,6443.889655172414,122.0,45.0,123.0,103.0,187.0,6443.889655172414,3.1034368941458252,3.139214623595733,3.11611259977879,2.861581341734112,3.2535985600094985,6443.889655172414,122.0,45.0,123.0,103.0,187.0,6443.889655172414,3329.188524590164,13671.266666666666,6889.1056910569105,3.1034368941458252,3.139214623595733,3.11611259977879,2.861581341734112,3.2535985600094985,6443.889655172414,122.0,45.0,123.0,103.0,187.0,6443.889655172414,3329.188524590164,13671.266666666666,6889.1056910569105,5748.0,6827.187165775401
40,151.0,28.0,137.0,3.1487896349454614,3.125659439181048,3.1880354363853662,3.166262460639683,2.8901534542161826,3.31361994701645,316,123.0,193.0,3.125659439181048,3.1880354363853662,3.166262460639683,2.8901534542161826,3.31361994701645,316,123.0,151.0,28.0,137.0,193.0,3.125659439181048,3.1880354363853662,3.166262460639683,2.8901534542161826,3.31361994701645,316,151.0,28.0,137.0,123.0,151.0,28.0,137.0,193.0,3.125659439181048,3.1880354363853662,3.166262460639683,2.8901534542161826,3.31361994701645,316,151.0,28.0,137.0,123.0,193.0,3.125659439181048,3.1880354363853662,3.166262460639683,2.8901534542161826,3.31361994701645,5699.5759493670885,151.0,28.0,137.0,123.0,193.0,5699.5759493670885,3.125659439181048,3.1880354363853662,3.166262460639683,2.8901534542161826,3.31361994701645,5699.5759493670885,151.0,28.0,137.0,123.0,193.0,5699.5759493670885,3295.9205298013244,13375.92857142857,6779.970802919708,3.125659439181048,3.1880354363853662,3.166262460639683,2.8901534542161826,3.31361994701645,5699.5759493670885,151.0,28.0,137.0,123.0,193.0,5699.5759493670885,3295.9205298013244,13375.92857142857,6779.970802919708,5092.951219512195,6086.181347150259
41,117.0,45.0,116.0,3.134555369641157,3.0906804076589207,3.1315499025789224,3.1799744780008297,2.862316090967056,3.2923304061454672,278,102.0,176.0,3.0906804076589207,3.1315499025789224,3.1799744780008297,2.862316090967056,3.2923304061454672,278,102.0,117.0,45.0,116.0,176.0,3.0906804076589207,3.1315499025789224,3.1799744780008297,2.862316090967056,3.2923304061454672,278,117.0,45.0,116.0,102.0,117.0,45.0,116.0,176.0,3.0906804076589207,3.1315499025789224,3.1799744780008297,2.862316090967056,3.2923304061454672,278,117.0,45.0,116.0,102.0,176.0,3.0906804076589207,3.1315499025789224,3.1799744780008297,2.862316090967056,3.2923304061454672,6457.154676258992,117.0,45.0,116.0,102.0,176.0,6457.154676258992,3.0906804076589207,3.1315499025789224,3.1799744780008297,2.862316090967056,3.2923304061454672,6457.154676258992,117.0,45.0,116.0,102.0,176.0,6457.154676258992,3326.4786324786323,13841.733333333334,6750.112068965517,3.0906804076589207,3.1315499025789224,3.1799744780008297,2.862316090967056,3.2923304061454672,6457.154676258992,117.0,45.0,116.0,102.0,176.0,6457.154676258992,3326.4786324786323,13841.733333333334,6750.112068965517,6195.9607843137255,6608.528409090909
42,139.0,48.0,109.0,3.068453159843635,2.988254502541547,3.1141313798761234,3.150609662627397,2.8430382914065877,3.217885488358079,296,118.0,178.0,2.988254502541547,3.1141313798761234,3.150609662627397,2.8430382914065877,3.217885488358079,296,118.0,139.0,48.0,109.0,178.0,2.988254502541547,3.1141313798761234,3.150609662627397,2.8430382914065877,3.217885488358079,296,139.0,48.0,109.0,118.0,139.0,48.0,109.0,178.0,2.988254502541547,3.1141313798761234,3.150609662627397,2.8430382914065877,3.217885488358079,296,139.0,48.0,109.0,118.0,178.0,2.988254502541547,3.1141313798761234,3.150609662627397,2.8430382914065877,3.217885488358079,6348.601351351352,139.0,48.0,109.0,118.0,178.0,6348.601351351352,2.988254502541547,3.1141313798761234,3.150609662627397,2.8430382914065877,3.217885488358079,6348.601351351352,139.0,48.0,109.0,118.0,178.0,6348.601351351352,3420.5107913669067,13750.5,6823.036697247707,2.988254502541547,3.1141313798761234,3.150609662627397,2.8430382914065877,3.217885488358079,6348.601351351352,139.0,48.0,109.0,118.0,178.0,6348.601351351352,3420.5107913669067,13750.5,6823.036697247707,5101.720338983051,7175.185393258427
43,139.0,61.0,136.0,3.124052030687498,3.0868192172153526,3.0110906547912455,3.212772655704407,2.914107431522759,3.250018790186341,336,126.0,210.0,3.0868192172153526,3.0110906547912455,3.212772655704407,2.914107431522759,3.250018790186341,336,126.0,139.0,61.0,136.0,210.0,3.0868192172153526,3.0110906547912455,3.212772655704407,2.914107431522759,3.250018790186341,336,139.0,61.0,136.0,126.0,139.0,61.0,136.0,210.0,3.0868192172153526,3.0110906547912455,3.212772655704407,2.914107431522759,3.250018790186341,336,139.0,61.0,136.0,126.0,210.0,3.0868192172153526,3.0110906547912455,3.212772655704407,2.914107431522759,3.250018790186341,6665.6577380952385,139.0,61.0,136.0,126.0,210.0,6665.6577380952385,3.0868192172153526,3.0110906547912455,3.212772655704407,2.914107431522759,3.250018790186341,6665.6577380952385,139.0,61.0,136.0,126.0,210.0,6665.6577380952385,3326.8417266187053,14258.622950819672,6672.455882352941,3.0868192172153526,3.0110906547912455,3.212772655704407,2.914107431522759,3.250018790186341,6665.6577380952385,139.0,61.0,136.0,126.0,210.0,6665.6577380952385,3326.8417266187053,14258.622950819672,6672.455882352941,5274.222222222223,7500.519047619047
44,128.0,49.0,128.0,3.1186572848977026,3.1526113788097567,3.0199720547548248,3.1224811306497213,2.852324048436901,3.2428607653625963,305,97.0,208.0,3.1526113788097567,3.0199720547548248,3.1224811306497213,2.852324048436901,3.2428607653625963,305,97.0,128.0,49.0,128.0,208.0,3.1526113788097567,3.0199720547548248,3.1224811306497213,2.852324048436901,3.2428607653625963,305,128.0,49.0,128.0,97.0,128.0,49.0,128.0,208.0,3.1526113788097567,3.0199720547548248,3.1224811306497213,2.852324048436901,3.2428607653625963,305,128.0,49.0,128.0,97.0,208.0,3.1526113788097567,3.0199720547548248,3.1224811306497213,2.852324048436901,3.2428607653625963,6548.137704918033,128.0,49.0,128.0,97.0,208.0,6548.137704918033,3.1526113788097567,3.0199720547548248,3.1224811306497213,2.852324048436901,3.2428607653625963,6548.137704918033,128.0,49.0,128.0,97.0,208.0,6548.137704918033,3270.5390625,14284.408163265307,6864.1953125,3.1526113788097567,3.0199720547548248,3.1224811306497213,2.852324048436901,3.2428607653625963,6548.137704918033,128.0,49.0,128.0,97.0,208.0,6548.137704918033,3270.5390625,14284.408163265307,6864.1953125,5531.845360824742,7022.0817307692305
45,130.0,58.0,119.0,3.0791504005855583,3.043497332156165,3.1039919020358315,3.1059915082469525,2.8783856633578924,3.2097554178143115,307,121.0,186.0,3.043497332156165,3.1039919020358315,3.1059915082469525,2.8783856633578924,3.2097554178143115,307,121.0,130.0,58.0,119.0,186.0,3.043497332156165,3.1039919020358315,3.1059915082469525,2.8783856633578924,3.2097554178143115,307,130.0,58.0,119.0,121.0,130.0,58.0,119.0,186.0,3.043497332156165,3.1039919020358315,3.1059915082469525,2.8783856633578924,3.2097554178143115,307,130.0,58.0,119.0,121.0,186.0,3.043497332156165,3.1039919020358315,3.1059915082469525,2.8783856633578924,3.2097554178143115,6706.596091205211,130.0,58.0,119.0,121.0,186.0,6706.596091205211,3.043497332156165,3.1039919020358315,3.1059915082469525,2.8783856633578924,3.2097554178143115,6706.596091205211,130.0,58.0,119.0,121.0,186.0,6706.596091205211,3370.4615384615386,13793.275862068966,6897.100840336135,3.043497332156165,3.1039919020358315,3.1059915082469525,2.8783856633578924,3.2097554178143115,6706.596091205211,130.0,58.0,119.0,121.0,186.0,6706.596091205211,3370.4615384615386,13793.275862068966,6897.100840336135,5874.487603305785,7247.913978494624
46,122.0,41.0,114.0,3.1376577217298594,3.1193985036984833,3.0126948959999162,3.202141059052272,2.8792818178045,3.3052944689195236,277,109.0,168.0,3.1193985036984833,3.0126948959999162,3.202141059052272,2.8792818178045,3.3052944689195236,277,109.0,122.0,41.0,114.0,168.0,3.1193985036984833,3.0126948959999162,3.202141059052272,2.8792818178045,3.3052944689195236,277,122.0,41.0,114.0,109.0,122.0,41.0,114.0,168.0,3.1193985036984833,3.0126948959999162,3.202141059052272,2.8792818178045,3.3052944689195236,277,122.0,41.0,114.0,109.0,168.0,3.1193985036984833,3.0126948959999162,3.202141059052272,2.8792818178045,3.3052944689195236,6315.231046931408,122.0,41.0,114.0,109.0,168.0,6315.231046931408,3.1193985036984833,3.0126948959999162,3.202141059052272,2.8792818178045,3.3052944689195236,6315.231046931408,122.0,41.0,114.0,109.0,168.0,6315.231046931408,3302.409836065574,14234.439024390244,6691.3421052631575,3.1193985036984833,3.0126948959999162,3.202141059052272,2.8792818178045,3.3052944689195236,6315.231046931408,122.0,41.0,114.0,109.0,168.0,6315.231046931408,3302.409836065574,14234.439024390244,6691.3421052631575,6127.844036697248,6436.809523809524
47,120.0,35.0,119.0,3.1496169837005645,3.1386677788392463,3.009449493063305,3.2018839312271354,2.9807902854780584,3.2268462179938355,274,86.0,188.0,3.1386677788392463,3.009449493063305,3.2018839312271354,2.9807902854780584,3.2268462179938355,274,86.0,120.0,35.0,119.0,188.0,3.1386677788392463,3.009449493063305,3.2018839312271354,2.9807902854780584,3.2268462179938355,274,120.0,35.0,119.0,86.0,120.0,35.0,119.0,188.0,3.1386677788392463,3.009449493063305,3.2018839312271354,2.9807902854780584,3.2268462179938355,274,120.0,35.0,119.0,86.0,188.0,3.1386677788392463,3.009449493063305,3.2018839312271354,2.9807902854780584,3.2268462179938355,6130.299270072993,120.0,35.0,119.0,86.0,188.0,6130.299270072993,3.1386677788392463,3.009449493063305,3.2018839312271354,2.9807902854780584,3.2268462179938355,6130.299270072993,120.0,35.0,119.0,86.0,188.0,6130.299270072993,3263.241666666667,14154.628571428571,6661.35294117647,3.1386677788392463,3.009449493063305,3.2018839312271354,2.9807902854780584,3.2268462179938355,6130.299270072993,120.0,35.0,119.0,86.0,188.0,6130.299270072993,3263.241666666667,14154.628571428571,6661.35294117647,5561.116279069767,6390.670212765957
48,100.0,39.0,113.0,3.0658660397418886,3.0965311036973753,2.9939058355881816,3.063564637675036,2.8195680390951443,3.1804232493450275,252,80.0,172.0,3.0965311036973753,2.9939058355881816,3.063564637675036,2.8195680390951443,3.1804232493450275,252,80.0,100.0,39.0,113.0,172.0,3.0965311036973753,2.9939058355881816,3.063564637675036,2.8195680390951443,3.1804232493450275,252,100.0,39.0,113.0,80.0,100.0,39.0,113.0,172.0,3.0965311036973753,2.9939058355881816,3.063564637675036,2.8195680390951443,3.1804232493450275,252,100.0,39.0,113.0,80.0,172.0,3.0965311036973753,2.9939058355881816,3.063564637675036,2.8195680390951443,3.1804232493450275,6677.873015873016,100.0,39.0,113.0,80.0,172.0,6677.873015873016,3.0965311036973753,2.9939058355881816,3.063564637675036,2.8195680390951443,3.1804232493450275,6677.873015873016,100.0,39.0,113.0,80.0,172.0,6677.873015873016,3304.57,14257.871794871795,7046.991150442478,3.0965311036973753,2.9939058355881816,3.063564637675036,2.8195680390951443,3.1804232493450275,6677.873015873016,100.0,39.0,113.0,80.0,172.0,6677.873015873016,3304.57,14257.871794871795,7046.991150442478,6637.7875,6696.517441860465
49,97.0,37.0,118.0,3.0505956964966896,3.11095220650286,2.9108220687442055,3.044807923244515,2.821758831637012,3.169149734917968,252,86.0,166.0,3.11095220650286,2.9108220687442055,3.044807923244515,2.821758831637012,3.169149734917968,252,86.0,97.0,37.0,118.0,166.0,3.11095220650286,2.9108220687442055,3.044807923244515,2.821758831637012,3.169149734917968,252,97.0,37.0,118.0,86.0,97.0,37.0,118.0,166.0,3.11095220650286,2.9108220687442055,3.044807923244515,2.821758831637012,3.169149734917968,252,97.0,37.0,118.0,86.0,166.0,3.11095220650286,2.9108220687442055,3.044807923244515,2.821758831637012,3.169149734917968,6759.341269841269,97.0,37.0,118.0,86.0,166.0,6759.341269841269,3.11095220650286,2.9108220687442055,3.044807923244515,2.821758831637012,3.169149734917968,6759.341269841269,97.0,37.0,118.0,86.0,166.0,6759.341269841269,3303.5154639175257,14845.567567567568,7064.635593220339,3.11095220650286,2.9108220687442055,3.044807923244515,2.821758831637012,3.169149734917968,6759.341269841269,97.0,37.0,118.0,86.0,166.0,6759.341269841269,3303.5154639175257,14845.567567567568,7064.635593220339,5938.616279069767,7184.536144578313
50,86.0,42.0,93.0,3.0510877185645584,3.098465112825866,2.9079467671725885,3.07192066536015,2.8480176455871136,3.159673799253885,221,77.0,144.0,3.098465112825866,2.9079467671725885,3.07192066536015,2.8480176455871136,3.159673799253885,221,77.0,86.0,42.0,93.0,144.0,3.098465112825866,2.9079467671725885,3.07192066536015,2.8480176455871136,3.159673799253885,221,86.0,42.0,93.0,77.0,86.0,42.0,93.0,144.0,3.098465112825866,2.9079467671725885,3.07192066536015,2.8480176455871136,3.159673799253885,221,86.0,42.0,93.0,77.0,144.0,3.098465112825866,2.9079467671725885,3.07192066536015,2.8480176455871136,3.159673799253885,7036.493212669683,86.0,42.0,93.0,77.0,144.0,7036.493212669683,3.098465112825866,2.9079467671725885,3.07192066536015,2.8480176455871136,3.159673799253885,7036.493212669683,86.0,42.0,93.0,77.0,144.0,7036.493212669683,3335.3720930232557,14750.904761904761,6975.10752688172,3.098465112825866,2.9079467671725885,3.07192066536015,2.8480176455871136,3.159673799253885,7036.493212669683,86.0,42.0,93.0,77.0,144.0,7036.493212669683,3335.3720930232557,14750.904761904761,6975.10752688172,6452.701298701299,7348.659722222223
51,116.0,36.0,94.0,3.086200501564157,3.1330275577959426,2.9469429864308783,3.081746586903628,2.8635348129394367,3.197533345876514,246,82.0,164.0,3.1330275577959426,2.9469429864308783,3.081746586903628,2.8635348129394367,3.197533345876514,246,82.0,116.0,36.0,94.0,164.0,3.1330275577959426,2.9469429864308783,3.081746586903628,2.8635348129394367,3.197533345876514,246,116.0,36.0,94.0,82.0,116.0,36.0,94.0,164.0,3.1330275577959426,2.9469429864308783,3.081746586903628,2.8635348129394367,3.197533345876514,246,116.0,36.0,94.0,82.0,164.0,3.1330275577959426,2.9469429864308783,3.081746586903628,2.8635348129394367,3.197533345876514,6353.491869918699,116.0,36.0,94.0,82.0,164.0,6353.491869918699,3.1330275577959426,2.9469429864308783,3.081746586903628,2.8635348129394367,3.197533345876514,6353.491869918699,116.0,36.0,94.0,82.0,164.0,6353.491869918699,3272.405172413793,14653.222222222223,6977.063829787234,3.1330275577959426,2.9469429864308783,3.081746586903628,2.8635348129394367,3.197533345876514,6353.491869918699,116.0,36.0,94.0,82.0,164.0,6353.491869918699,3272.405172413793,14653.222222222223,6977.063829787234,5391.5609756097565,6834.457317073171
52,101.0,32.0,97.0,3.0732621394928765,3.075156626820595,2.863309962893137,3.1405521027000085,2.84689762999431,3.205958576095484,230,85.0,145.0,3.075156626820595,2.863309962893137,3.1405521027000085,2.84689762999431,3.205958576095484,230,85.0,101.0,32.0,97.0,145.0,3.075156626820595,2.863309962893137,3.1405521027000085,2.84689762999431,3.205958576095484,230,101.0,32.0,97.0,85.0,101.0,32.0,97.0,145.0,3.075156626820595,2.863309962893137,3.1405521027000085,2.84689762999431,3.205958576095484,230,101.0,32.0,97.0,85.0,145.0,3.075156626820595,2.863309962893137,3.1405521027000085,2.84689762999431,3.205958576095484,6394.778260869565,101.0,32.0,97.0,85.0,145.0,6394.778260869565,3.075156626820595,2.863309962893137,3.1405521027000085,2.84689762999431,3.205958576095484,6394.778260869565,101.0,32.0,97.0,85.0,145.0,6394.778260869565,3326.4950495049507,14806.15625,6814.701030927835,3.075156626820595,2.863309962893137,3.1405521027000085,2.84689762999431,3.205958576095484,6394.778260869565,101.0,32.0,97.0,85.0,145.0,6394.778260869565,3326.4950495049507,14806.15625,6814.701030927835,5613.941176470588,6852.510344827586
53,82.0,31.0,76.0,3.104064295888427,3.1072113439932334,2.9786167516199855,3.151838189674319,2.9042263925558656,3.206381302394701,189,64.0,125.0,3.1072113439932334,2.9786167516199855,3.151838189674319,2.9042263925558656,3.206381302394701,189,64.0,82.0,31.0,76.0,125.0,3.1072113439932334,2.9786167516199855,3.151838189674319,2.9042263925558656,3.206381302394701,189,82.0,31.0,76.0,64.0,82.0,31.0,76.0,125.0,3.1072113439932334,2.9786167516199855,3.151838189674319,2.9042263925558656,3.206381302394701,189,82.0,31.0,76.0,64.0,125.0,3.1072113439932334,2.9786167516199855,3.151838189674319,2.9042263925558656,3.206381302394701,6546.523809523809,82.0,31.0,76.0,64.0,125.0,6546.523809523809,3.1072113439932334,2.9786167516199855,3.151838189674319,2.9042263925558656,3.206381302394701,6546.523809523809,82.0,31.0,76.0,64.0,125.0,6546.523809523809,3301.670731707317,14444.516129032258,6826.0,3.1072113439932334,2.9786167516199855,3.151838189674319,2.9042263925558656,3.206381302394701,6546.523809523809,82.0,31.0,76.0,64.0,125.0,6546.523809523809,3301.670731707317,14444.516129032258,6826.0,5679.921875,6990.224
54,97.0,22.0,72.0,3.0534195301682003,3.0394946521590427,2.8522775123787967,3.133639496255078,2.8383706181603823,3.1177879119936702,191,44.0,147.0,3.0394946521590427,2.8522775123787967,3.133639496255078,2.8383706181603823,3.1177879119936702,191,44.0,97.0,22.0,72.0,147.0,3.0394946521590427,2.8522775123787967,3.133639496255078,2.8383706181603823,3.1177879119936702,191,97.0,22.0,72.0,44.0,97.0,22.0,72.0,147.0,3.0394946521590427,2.8522775123787967,3.133639496255078,2.8383706181603823,3.1177879119936702,191,97.0,22.0,72.0,44.0,147.0,3.0394946521590427,2.8522775123787967,3.133639496255078,2.8383706181603823,3.1177879119936702,5996.884816753926,97.0,22.0,72.0,44.0,147.0,5996.884816753926,3.0394946521590427,2.8522775123787967,3.133639496255078,2.8383706181603823,3.1177879119936702,5996.884816753926,97.0,22.0,72.0,44.0,147.0,5996.884816753926,3383.958762886598,14908.045454545454,6794.222222222223,3.0394946521590427,2.8522775123787967,3.133639496255078,2.8383706181603823,3.1177879119936702,5996.884816753926,97.0,22.0,72.0,44.0,147.0,5996.884816753926,3383.958762886598,14908.045454545454,6794.222222222223,4899.659090909091,6325.306122448979
55,74.0,17.0,58.0,3.0648705997191037,3.128223418903724,2.708768087570762,3.088416015009793,2.8810028396653653,3.127816319377139,149,38.0,111.0,3.128223418903724,2.708768087570762,3.088416015009793,2.8810028396653653,3.127816319377139,149,38.0,74.0,17.0,58.0,111.0,3.128223418903724,2.708768087570762,3.088416015009793,2.8810028396653653,3.127816319377139,149,74.0,17.0,58.0,38.0,74.0,17.0,58.0,111.0,3.128223418903724,2.708768087570762,3.088416015009793,2.8810028396653653,3.127816319377139,149,74.0,17.0,58.0,38.0,111.0,3.128223418903724,2.708768087570762,3.088416015009793,2.8810028396653653,3.127816319377139,6137.375838926175,74.0,17.0,58.0,38.0,111.0,6137.375838926175,3.128223418903724,2.708768087570762,3.088416015009793,2.8810028396653653,3.127816319377139,6137.375838926175,74.0,17.0,58.0,38.0,111.0,6137.375838926175,3277.3513513513512,15896.70588235294,6925.879310344828,3.128223418903724,2.708768087570762,3.088416015009793,2.8810028396653653,3.127816319377139,6137.375838926175,74.0,17.0,58.0,38.0,111.0,6137.375838926175,3277.3513513513512,15896.70588235294,6925.879310344828,5372.263157894737,6399.306306306306
56,61.0,30.0,53.0,2.9544618452569518,2.9873539691345963,2.857491246400383,2.971493890712816,2.751653699498518,3.0351913013355514,144,41.0,103.0,2.9873539691345963,2.857491246400383,2.971493890712816,2.751653699498518,3.0351913013355514,144,41.0,61.0,30.0,53.0,103.0,2.9873539691345963,2.857491246400383,2.971493890712816,2.751653699498518,3.0351913013355514,144,61.0,30.0,53.0,41.0,61.0,30.0,53.0,103.0,2.9873539691345963,2.857491246400383,2.971493890712816,2.751653699498518,3.0351913013355514,144,61.0,30.0,53.0,41.0,103.0,2.9873539691345963,2.857491246400383,2.971493890712816,2.751653699498518,3.0351913013355514,7229.652777777777,61.0,30.0,53.0,41.0,103.0,7229.652777777777,2.9873539691345963,2.857491246400383,2.971493890712816,2.751653699498518,3.0351913013355514,7229.652777777777,61.0,30.0,53.0,41.0,103.0,7229.652777777777,3432.55737704918,14966.966666666667,7220.2830188679245,2.9873539691345963,2.857491246400383,2.971493890712816,2.751653699498518,3.0351913013355514,7229.652777777777,61.0,30.0,53.0,41.0,103.0,7229.652777777777,3432.55737704918,14966.966666666667,7220.2830188679245,6216.731707317073,7632.854368932039
57,51.0,18.0,58.0,2.995042275767644,3.0846908783079416,2.739609516025603,2.9954855679366337,2.88184735592971,3.034780917838407,127,33.0,94.0,3.0846908783079416,2.739609516025603,2.9954855679366337,2.88184735592971,3.034780917838407,127,33.0,51.0,18.0,58.0,94.0,3.0846908783079416,2.739609516025603,2.9954855679366337,2.88184735592971,3.034780917838407,127,51.0,18.0,58.0,33.0,51.0,18.0,58.0,94.0,3.0846908783079416,2.739609516025603,2.9954855679366337,2.88184735592971,3.034780917838407,127,51.0,18.0,58.0,33.0,94.0,3.0846908783079416,2.739609516025603,2.9954855679366337,2.88184735592971,3.034780917838407,6818.59842519685,51.0,18.0,58.0,33.0,94.0,6818.59842519685,3.0846908783079416,2.739609516025603,2.9954855679366337,2.88184735592971,3.034780917838407,6818.59842519685,51.0,18.0,58.0,33.0,94.0,6818.59842519685,3328.7450980392155,15692.166666666666,7133.396551724138,3.0846908783079416,2.739609516025603,2.9954855679366337,2.88184735592971,3.034780917838407,6818.59842519685,51.0,18.0,58.0,33.0,94.0,6818.59842519685,3328.7450980392155,15692.166666666666,7133.396551724138,5451.333333333333,7298.595744680851
58,66.0,24.0,47.0,2.991750490906804,3.050194865235178,2.823404151363816,2.9956437556591213,2.8103867281036745,3.077557002340542,137,44.0,93.0,3.050194865235178,2.823404151363816,2.9956437556591213,2.8103867281036745,3.077557002340542,137,44.0,66.0,24.0,47.0,93.0,3.050194865235178,2.823404151363816,2.9956437556591213,2.8103867281036745,3.077557002340542,137,66.0,24.0,47.0,44.0,66.0,24.0,47.0,93.0,3.050194865235178,2.823404151363816,2.9956437556591213,2.8103867281036745,3.077557002340542,137,66.0,24.0,47.0,44.0,93.0,3.050194865235178,2.823404151363816,2.9956437556591213,2.8103867281036745,3.077557002340542,6725.233576642336,66.0,24.0,47.0,44.0,93.0,6725.233576642336,3.050194865235178,2.823404151363816,2.9956437556591213,2.8103867281036745,3.077557002340542,6725.233576642336,66.0,24.0,47.0,44.0,93.0,6725.233576642336,3370.030303030303,15174.791666666666,7122.127659574468,3.050194865235178,2.823404151363816,2.9956437556591213,2.8103867281036745,3.077557002340542,6725.233576642336,66.0,24.0,47.0,44.0,93.0,6725.233576642336,3370.030303030303,15174.791666666666,7122.127659574468,5559.75,7276.645161290323
59,47.0,20.0,37.0,2.9445871706057707,2.9156376610136276,2.798485445444599,3.0603347774721015,2.8059437964387772,3.0119282380583123,104,34.0,70.0,2.9156376610136276,2.798485445444599,3.0603347774721015,2.8059437964387772,3.0119282380583123,104,34.0,47.0,20.0,37.0,70.0,2.9156376610136276,2.798485445444599,3.0603347774721015,2.8059437964387772,3.0119282380583123,104,47.0,20.0,37.0,34.0,47.0,20.0,37.0,70.0,2.9156376610136276,2.798485445444599,3.0603347774721015,2.8059437964387772,3.0119282380583123,104,47.0,20.0,37.0,34.0,70.0,2.9156376610136276,2.798485445444599,3.0603347774721015,2.8059437964387772,3.0119282380583123,7031.5192307692305,47.0,20.0,37.0,34.0,70.0,7031.5192307692305,2.9156376610136276,2.798485445444599,3.0603347774721015,2.8059437964387772,3.0119282380583123,7031.5192307692305,47.0,20.0,37.0,34.0,70.0,7031.5192307692305,3506.1702127659573,15401.95,6985.108108108108,2.9156376610136276,2.798485445444599,3.0603347774721015,2.8059437964387772,3.0119282380583123,7031.5192307692305,47.0,20.0,37.0,34.0,70.0,7031.5192307692305,3506.1702127659573,15401.95,6985.108108108108,6389.617647058823,7343.3
60,30.0,11.0,40.0,2.9624588192416508,3.1770424409876936,2.698173010204192,2.8741997004174182,2.756891568615069,3.005413170118846,81,14.0,67.0,3.1770424409876936,2.698173010204192,2.8741997004174182,2.756891568615069,3.005413170118846,81,14.0,30.0,11.0,40.0,67.0,3.1770424409876936,2.698173010204192,2.8741997004174182,2.756891568615069,3.005413170118846,81,30.0,11.0,40.0,14.0,30.0,11.0,40.0,67.0,3.1770424409876936,2.698173010204192,2.8741997004174182,2.756891568615069,3.005413170118846,81,30.0,11.0,40.0,14.0,67.0,3.1770424409876936,2.698173010204192,2.8741997004174182,2.756891568615069,3.005413170118846,7056.037037037037,30.0,11.0,40.0,14.0,67.0,7056.037037037037,3.1770424409876936,2.698173010204192,2.8741997004174182,2.756891568615069,3.005413170118846,7056.037037037037,30.0,11.0,40.0,14.0,67.0,7056.037037037037,3238.1666666666665,15934.90909090909,7477.75,3.1770424409876936,2.698173010204192,2.8741997004174182,2.756891568615069,3.005413170118846,7056.037037037037,30.0,11.0,40.0,14.0,67.0,7056.037037037037,3238.1666666666665,15934.90909090909,7477.75,6405.142857142857,7192.044776119403
61,38.0,13.0,29.0,3.0166881333717437,3.080395886817905,2.7875353367576756,3.0359326756141147,2.8975796565779337,3.0647494485692452,80,23.0,57.0,3.080395886817905,2.7875353367576756,3.0359326756141147,2.8975796565779337,3.0647494485692452,80,23.0,38.0,13.0,29.0,57.0,3.080395886817905,2.7875353367576756,3.0359326756141147,2.8975796565779337,3.0647494485692452,80,38.0,13.0,29.0,23.0,38.0,13.0,29.0,57.0,3.080395886817905,2.7875353367576756,3.0359326756141147,2.8975796565779337,3.0647494485692452,80,38.0,13.0,29.0,23.0,57.0,3.080395886817905,2.7875353367576756,3.0359326756141147,2.8975796565779337,3.0647494485692452,6666.8625,38.0,13.0,29.0,23.0,57.0,6666.8625,3.080395886817905,2.7875353367576756,3.0359326756141147,2.8975796565779337,3.0647494485692452,6666.8625,38.0,13.0,29.0,23.0,57.0,6666.8625,3329.3684210526317,15586.692307692309,7041.586206896552,3.080395886817905,2.7875353367576756,3.0359326756141147,2.8975796565779337,3.0647494485692452,6666.8625,38.0,13.0,29.0,23.0,57.0,6666.8625,3329.3684210526317,15586.692307692309,7041.586206896552,5729.652173913043,7045.035087719299
62,25.0,10.0,16.0,2.9309176723359855,3.083528201746974,2.857504391076057,2.7383470209187686,2.714434836202241,3.0391590904028565,51,17.0,34.0,3.083528201746974,2.857504391076057,2.7383470209187686,2.714434836202241,3.0391590904028565,51,17.0,25.0,10.0,16.0,34.0,3.083528201746974,2.857504391076057,2.7383470209187686,2.714434836202241,3.0391590904028565,51,25.0,10.0,16.0,17.0,25.0,10.0,16.0,34.0,3.083528201746974,2.857504391076057,2.7383470209187686,2.714434836202241,3.0391590904028565,51,25.0,10.0,16.0,17.0,34.0,3.083528201746974,2.857504391076057,2.7383470209187686,2.714434836202241,3.0391590904028565,7033.6274509803925,25.0,10.0,16.0,17.0,34.0,7033.6274509803925,3.083528201746974,2.857504391076057,2.7383470209187686,2.714434836202241,3.0391590904028565,7033.6274509803925,25.0,10.0,16.0,17.0,34.0,7033.6274509803925,3353.12,14978.7,7818.75,3.083528201746974,2.857504391076057,2.7383470209187686,2.714434836202241,3.0391590904028565,7033.6274509803925,25.0,10.0,16.0,17.0,34.0,7033.6274509803925,3353.12,14978.7,7818.75,6236.35294117647,7432.264705882353
63,30.0,9.0,19.0,2.9773411973224,3.011806038531455,2.808064186438646,3.0031068742530413,2.960234413609155,2.9818038365519435,58,12.0,46.0,3.011806038531455,2.808064186438646,3.0031068742530413,2.960234413609155,2.9818038365519435,58,12.0,30.0,9.0,19.0,46.0,3.011806038531455,2.808064186438646,3.0031068742530413,2.960234413609155,2.9818038365519435,58,30.0,9.0,19.0,12.0,30.0,9.0,19.0,46.0,3.011806038531455,2.808064186438646,3.0031068742530413,2.960234413609155,2.9818038365519435,58,30.0,9.0,19.0,12.0,46.0,3.011806038531455,2.808064186438646,3.0031068742530413,2.960234413609155,2.9818038365519435,6472.448275862069,30.0,9.0,19.0,12.0,46.0,6472.448275862069,3.011806038531455,2.808064186438646,3.0031068742530413,2.960234413609155,2.9818038365519435,6472.448275862069,30.0,9.0,19.0,12.0,46.0,6472.448275862069,3403.266666666667,15224.777777777777,7172.684210526316,3.011806038531455,2.808064186438646,3.0031068742530413,2.960234413609155,2.9818038365519435,6472.448275862069,30.0,9.0,19.0,12.0,46.0,6472.448275862069,3403.266666666667,15224.777777777777,7172.684210526316,5620.583333333333,6694.673913043478
64,14.0,6.0,13.0,2.880618007916612,2.924125792414172,2.990797260152974,2.7829115081947626,2.7238910149541424,2.930770645664601,33,8.0,25.0,2.924125792414172,2.990797260152974,2.7829115081947626,2.7238910149541424,2.930770645664601,33,8.0,14.0,6.0,13.0,25.0,2.924125792414172,2.990797260152974,2.7829115081947626,2.7238910149541424,2.930770645664601,33,14.0,6.0,13.0,8.0,14.0,6.0,13.0,25.0,2.924125792414172,2.990797260152974,2.7829115081947626,2.7238910149541424,2.930770645664601,33,14.0,6.0,13.0,8.0,25.0,2.924125792414172,2.990797260152974,2.7829115081947626,2.7238910149541424,2.930770645664601,7109.515151515152,14.0,6.0,13.0,8.0,25.0,7109.515151515152,2.924125792414172,2.990797260152974,2.7829115081947626,2.7238910149541424,2.930770645664601,7109.515151515152,14.0,6.0,13.0,8.0,25.0,7109.515151515152,3522.9285714285716,14155.166666666666,7720.153846153846,2.924125792414172,2.990797260152974,2.7829115081947626,2.7238910149541424,2.930770645664601,7109.515151515152,14.0,6.0,13.0,8.0,25.0,7109.515151515152,3522.9285714285716,14155.166666666666,7720.153846153846,7304.375,7047.16
65,19.0,4.0,12.0,2.937588044176637,3.06201240562262,2.8287814540074327,2.7768516686102296,2.7645969938877246,2.966419885891455,35,5.0,30.0,3.06201240562262,2.8287814540074327,2.7768516686102296,2.7645969938877246,2.966419885891455,35,5.0,19.0,4.0,12.0,30.0,3.06201240562262,2.8287814540074327,2.7768516686102296,2.7645969938877246,2.966419885891455,35,19.0,4.0,12.0,5.0,19.0,4.0,12.0,30.0,3.06201240562262,2.8287814540074327,2.7768516686102296,2.7645969938877246,2.966419885891455,35,19.0,4.0,12.0,5.0,30.0,3.06201240562262,2.8287814540074327,2.7768516686102296,2.7645969938877246,2.966419885891455,6213.971428571429,19.0,4.0,12.0,5.0,30.0,6213.971428571429,3.06201240562262,2.8287814540074327,2.7768516686102296,2.7645969938877246,2.966419885891455,6213.971428571429,19.0,4.0,12.0,5.0,30.0,6213.971428571429,3414.0526315789475,14992.25,7721.083333333333,3.06201240562262,2.8287814540074327,2.7768516686102296,2.7645969938877246,2.966419885891455,6213.971428571429,19.0,4.0,12.0,5.0,30.0,6213.971428571429,3414.0526315789475,14992.25,7721.083333333333,5175.2,6387.1
66,19.0,5.0,15.0,2.9454364878902264,3.08842403578708,2.752684463651458,2.828569601967134,2.6993038288446076,3.0421314610867194,39,11.0,28.0,3.08842403578708,2.752684463651458,2.828569601967134,2.6993038288446076,3.0421314610867194,39,11.0,19.0,5.0,15.0,28.0,3.08842403578708,2.752684463651458,2.828569601967134,2.6993038288446076,3.0421314610867194,39,19.0,5.0,15.0,11.0,19.0,5.0,15.0,28.0,3.08842403578708,2.752684463651458,2.828569601967134,2.6993038288446076,3.0421314610867194,39,19.0,5.0,15.0,11.0,28.0,3.08842403578708,2.752684463651458,2.828569601967134,2.6993038288446076,3.0421314610867194,6531.48717948718,19.0,5.0,15.0,11.0,28.0,6531.48717948718,3.08842403578708,2.752684463651458,2.828569601967134,2.6993038288446076,3.0421314610867194,6531.48717948718,19.0,5.0,15.0,11.0,28.0,6531.48717948718,3290.842105263158,15727.4,7571.0,3.08842403578708,2.752684463651458,2.828569601967134,2.6993038288446076,3.0421314610867194,6531.48717948718,19.0,5.0,15.0,11.0,28.0,6531.48717948718,3290.842105263158,15727.4,7571.0,6087.272727272727,6706.0
67,14.0,2.0,15.0,2.8370818732625116,2.896474645857493,2.676804850182064,2.803018888584589,2.538289841779608,3.0528761182223874,31,13.0,18.0,2.896474645857493,2.676804850182064,2.803018888584589,2.538289841779608,3.0528761182223874,31,13.0,14.0,2.0,15.0,18.0,2.896474645857493,2.676804850182064,2.803018888584589,2.538289841779608,3.0528761182223874,31,14.0,2.0,15.0,13.0,14.0,2.0,15.0,18.0,2.896474645857493,2.676804850182064,2.803018888584589,2.538289841779608,3.0528761182223874,31,14.0,2.0,15.0,13.0,18.0,2.896474645857493,2.676804850182064,2.803018888584589,2.538289841779608,3.0528761182223874,6352.645161290323,14.0,2.0,15.0,13.0,18.0,6352.645161290323,2.896474645857493,2.676804850182064,2.803018888584589,2.538289841779608,3.0528761182223874,6352.645161290323,14.0,2.0,15.0,13.0,18.0,6352.645161290323,3590.0,15692.0,7685.866666666667,2.896474645857493,2.676804850182064,2.803018888584589,2.538289841779608,3.0528761182223874,6352.645161290323,14.0,2.0,15.0,13.0,18.0,6352.645161290323,3590.0,15692.0,7685.866666666667,6160.692307692308,6491.277777777777
68,13.0,2.0,5.0,3.021067517186942,3.040591513620702,2.6284010078059232,3.127371730211575,2.9037177021839926,3.0504049709376795,20,4.0,16.0,3.040591513620702,2.6284010078059232,3.127371730211575,2.9037177021839926,3.0504049709376795,20,4.0,13.0,2.0,5.0,16.0,3.040591513620702,2.6284010078059232,3.127371730211575,2.9037177021839926,3.0504049709376795,20,13.0,2.0,5.0,4.0,13.0,2.0,5.0,16.0,3.040591513620702,2.6284010078059232,3.127371730211575,2.9037177021839926,3.0504049709376795,20,13.0,2.0,5.0,4.0,16.0,3.040591513620702,2.6284010078059232,3.127371730211575,2.9037177021839926,3.0504049709376795,5436.5,13.0,2.0,5.0,4.0,16.0,5436.5,3.040591513620702,2.6284010078059232,3.127371730211575,2.9037177021839926,3.0504049709376795,5436.5,13.0,2.0,5.0,4.0,16.0,5436.5,3318.3076923076924,15980.0,6726.4,3.040591513620702,2.6284010078059232,3.127371730211575,2.9037177021839926,3.0504049709376795,5436.5,13.0,2.0,5.0,4.0,16.0,5436.5,3318.3076923076924,15980.0,6726.4,3462.0,5930.125
69,8.0,2.0,4.0,2.595508329763593,2.681480178639398,2.188302779528116,2.6271674071297224,2.2680880018144705,2.6206945088366025,14,1.0,13.0,2.681480178639398,2.188302779528116,2.6271674071297224,2.2680880018144705,2.6206945088366025,14,1.0,8.0,2.0,4.0,13.0,2.681480178639398,2.188302779528116,2.6271674071297224,2.2680880018144705,2.6206945088366025,14,8.0,2.0,4.0,1.0,8.0,2.0,4.0,13.0,2.681480178639398,2.188302779528116,2.6271674071297224,2.2680880018144705,2.6206945088366025,14,8.0,2.0,4.0,1.0,13.0,2.681480178639398,2.188302779528116,2.6271674071297224,2.2680880018144705,2.6206945088366025,7407.071428571428,8.0,2.0,4.0,1.0,13.0,7407.071428571428,2.681480178639398,2.188302779528116,2.6271674071297224,2.2680880018144705,2.6206945088366025,7407.071428571428,8.0,2.0,4.0,1.0,13.0,7407.071428571428,3776.25,20149.0,8297.75,2.681480178639398,2.188302779528116,2.6271674071297224,2.2680880018144705,2.6206945088366025,7407.071428571428,8.0,2.0,4.0,1.0,13.0,7407.071428571428,3776.25,20149.0,8297.75,4409.0,7637.692307692308
70,10.0,2.0,11.0,2.689725086050729,2.7101620946857774,2.5433515984591692,2.6977593486718785,2.6954731243848546,2.686659465605862,23,8.0,15.0,2.7101620946857774,2.5433515984591692,2.6977593486718785,2.6954731243848546,2.686659465605862,23,8.0,10.0,2.0,11.0,15.0,2.7101620946857774,2.5433515984591692,2.6977593486718785,2.6954731243848546,2.686659465605862,23,10.0,2.0,11.0,8.0,10.0,2.0,11.0,15.0,2.7101620946857774,2.5433515984591692,2.6977593486718785,2.6954731243848546,2.686659465605862,23,10.0,2.0,11.0,8.0,15.0,2.7101620946857774,2.5433515984591692,2.6977593486718785,2.6954731243848546,2.686659465605862,6865.739130434783,10.0,2.0,11.0,8.0,15.0,6865.739130434783,2.7101620946857774,2.5433515984591692,2.6977593486718785,2.6954731243848546,2.686659465605862,6865.739130434783,10.0,2.0,11.0,8.0,15.0,6865.739130434783,3715.4,16938.0,7898.363636363636,2.7101620946857774,2.5433515984591692,2.6977593486718785,2.6954731243848546,2.686659465605862,6865.739130434783,10.0,2.0,11.0,8.0,15.0,6865.739130434783,3715.4,16938.0,7898.363636363636,5199.375,7754.466666666666
71,10.0,3.0,7.0,2.8175998695895674,2.983292963843801,2.5856090097567743,2.6803201034404305,2.5146656508494702,2.893333424274591,20,4.0,16.0,2.983292963843801,2.5856090097567743,2.6803201034404305,2.5146656508494702,2.893333424274591,20,4.0,10.0,3.0,7.0,16.0,2.983292963843801,2.5856090097567743,2.6803201034404305,2.5146656508494702,2.893333424274591,20,10.0,3.0,7.0,4.0,10.0,3.0,7.0,16.0,2.983292963843801,2.5856090097567743,2.6803201034404305,2.5146656508494702,2.893333424274591,20,10.0,3.0,7.0,4.0,16.0,2.983292963843801,2.5856090097567743,2.6803201034404305,2.5146656508494702,2.893333424274591,7010.45,10.0,3.0,7.0,4.0,16.0,7010.45,2.983292963843801,2.5856090097567743,2.6803201034404305,2.5146656508494702,2.893333424274591,7010.45,10.0,3.0,7.0,4.0,16.0,7010.45,3421.7,16456.666666666668,8088.857142857143,2.983292963843801,2.5856090097567743,2.6803201034404305,2.5146656508494702,2.893333424274591,7010.45,10.0,3.0,7.0,4.0,16.0,7010.45,3421.7,16456.666666666668,8088.857142857143,8303.5,6687.1875
72,12.0,1.0,4.0,2.621987111940005,2.645733100514248,1.6150740242261103,2.8024774181457532,2.024044676412693,2.750117633838715,17,3.0,14.0,2.645733100514248,1.6150740242261103,2.8024774181457532,2.024044676412693,2.750117633838715,17,3.0,12.0,1.0,4.0,14.0,2.645733100514248,1.6150740242261103,2.8024774181457532,2.024044676412693,2.750117633838715,17,12.0,1.0,4.0,3.0,12.0,1.0,4.0,14.0,2.645733100514248,1.6150740242261103,2.8024774181457532,2.024044676412693,2.750117633838715,17,12.0,1.0,4.0,3.0,14.0,2.645733100514248,1.6150740242261103,2.8024774181457532,2.024044676412693,2.750117633838715,6113.294117647059,12.0,1.0,4.0,3.0,14.0,6113.294117647059,2.645733100514248,1.6150740242261103,2.8024774181457532,2.024044676412693,2.750117633838715,6113.294117647059,12.0,1.0,4.0,3.0,14.0,6113.294117647059,3875.25,26005.0,7854.5,2.645733100514248,1.6150740242261103,2.8024774181457532,2.024044676412693,2.750117633838715,6113.294117647059,12.0,1.0,4.0,3.0,14.0,6113.294117647059,3875.25,26005.0,7854.5,6883.0,5948.357142857143
73,9.0,1.0,3.0,2.616349541836887,2.530216708751956,2.6955907836467494,2.8483342938217238,2.631891645925945,2.613523704729785,13,2.0,11.0,2.530216708751956,2.6955907836467494,2.8483342938217238,2.631891645925945,2.613523704729785,13,2.0,9.0,1.0,3.0,11.0,2.530216708751956,2.6955907836467494,2.8483342938217238,2.631891645925945,2.613523704729785,13,9.0,1.0,3.0,2.0,9.0,1.0,3.0,11.0,2.530216708751956,2.6955907836467494,2.8483342938217238,2.631891645925945,2.613523704729785,13,9.0,1.0,3.0,2.0,11.0,2.530216708751956,2.6955907836467494,2.8483342938217238,2.631891645925945,2.613523704729785,5691.307692307692,9.0,1.0,3.0,2.0,11.0,5691.307692307692,2.530216708751956,2.6955907836467494,2.8483342938217238,2.631891645925945,2.613523704729785,5691.307692307692,9.0,1.0,3.0,2.0,11.0,5691.307692307692,4026.1111111111113,15581.0,7390.333333333333,2.530216708751956,2.6955907836467494,2.8483342938217238,2.631891645925945,2.613523704729785,5691.307692307692,9.0,1.0,3.0,2.0,11.0,5691.307692307692,4026.1111111111113,15581.0,7390.333333333333,5797.0,5672.090909090909
74,2.0,0.0,7.0,2.6817606018878513,2.2201806767723165,2.344996500162847,2.81364058049229,2.580447875310022,2.710707095195803,9,2.0,7.0,2.2201806767723165,2.344996500162847,2.81364058049229,2.580447875310022,2.710707095195803,9,2.0,2.0,0.0,7.0,7.0,2.2201806767723165,2.344996500162847,2.81364058049229,2.580447875310022,2.710707095195803,9,2.0,0.0,7.0,2.0,2.0,0.0,7.0,7.0,2.2201806767723165,2.344996500162847,2.81364058049229,2.580447875310022,2.710707095195803,9,2.0,0.0,7.0,2.0,7.0,2.2201806767723165,2.344996500162847,2.81364058049229,2.580447875310022,2.710707095195803,6839.555555555556,2.0,0.0,7.0,2.0,7.0,6839.555555555556,2.2201806767723165,2.344996500162847,2.81364058049229,2.580447875310022,2.710707095195803,6839.555555555556,2.0,0.0,7.0,2.0,7.0,6839.555555555556,4509.5,18504.0,7505.285714285715,2.2201806767723165,2.344996500162847,2.81364058049229,2.580447875310022,2.710707095195803,6839.555555555556,2.0,0.0,7.0,2.0,7.0,6839.555555555556,4509.5,18504.0,7505.285714285715,5843.0,7124.285714285715
75,5.0,0.0,4.0,2.4315658357249417,2.595556240999417,2.344996500162847,2.2265778291318474,2.5365882494994114,2.401559431789379,9,2.0,7.0,2.595556240999417,2.344996500162847,2.2265778291318474,2.5365882494994114,2.401559431789379,9,2.0,5.0,0.0,4.0,7.0,2.595556240999417,2.344996500162847,2.2265778291318474,2.5365882494994114,2.401559431789379,9,5.0,0.0,4.0,2.0,5.0,0.0,4.0,7.0,2.595556240999417,2.344996500162847,2.2265778291318474,2.5365882494994114,2.401559431789379,9,5.0,0.0,4.0,2.0,7.0,2.595556240999417,2.344996500162847,2.2265778291318474,2.5365882494994114,2.401559431789379,6371.333333333333,5.0,0.0,4.0,2.0,7.0,6371.333333333333,2.595556240999417,2.344996500162847,2.2265778291318474,2.5365882494994114,2.401559431789379,6371.333333333333,5.0,0.0,4.0,2.0,7.0,6371.333333333333,3901.2,18504.0,9459.0,2.595556240999417,2.344996500162847,2.2265778291318474,2.5365882494994114,2.401559431789379,6371.333333333333,5.0,0.0,4.0,2.0,7.0,6371.333333333333,3901.2,18504.0,9459.0,6585.5,6310.142857142857
76,4.0,0.0,0.0,2.7166557518593963,2.7166557518593963,2.344996500162847,2.0053475935828877,2.2665457842248413,2.866692407737581,4,1.0,3.0,2.7166557518593963,2.344996500162847,2.0053475935828877,2.2665457842248413,2.866692407737581,4,1.0,4.0,0.0,0.0,3.0,2.7166557518593963,2.344996500162847,2.0053475935828877,2.2665457842248413,2.866692407737581,4,4.0,0.0,0.0,1.0,4.0,0.0,0.0,3.0,2.7166557518593963,2.344996500162847,2.0053475935828877,2.2665457842248413,2.866692407737581,4,4.0,0.0,0.0,1.0,3.0,2.7166557518593963,2.344996500162847,2.0053475935828877,2.2665457842248413,2.866692407737581,3786.0,4.0,0.0,0.0,1.0,3.0,3786.0,2.7166557518593963,2.344996500162847,2.0053475935828877,2.2665457842248413,2.866692407737581,3786.0,4.0,0.0,0.0,1.0,3.0,3786.0,3786.0,18504.0,10472.0,2.7166557518593963,2.344996500162847,2.0053475935828877,2.2665457842248413,2.866692407737581,3786.0,4.0,0.0,0.0,1.0,3.0,3786.0,3786.0,18504.0,10472.0,4412.0,3577.3333333333335
77,1.0,2.0,1.0,2.2168412301452602,2.172024326672459,2.344996500162847,2.0053475935828877,1.9250160418003484,2.3141162929268972,4,1.0,3.0,2.172024326672459,2.344996500162847,2.0053475935828877,1.9250160418003484,2.3141162929268972,4,1.0,1.0,2.0,1.0,3.0,2.172024326672459,2.344996500162847,2.0053475935828877,1.9250160418003484,2.3141162929268972,4,1.0,2.0,1.0,1.0,1.0,2.0,1.0,3.0,2.172024326672459,2.344996500162847,2.0053475935828877,1.9250160418003484,2.3141162929268972,4,1.0,2.0,1.0,1.0,3.0,2.172024326672459,2.344996500162847,2.0053475935828877,1.9250160418003484,2.3141162929268972,13021.0,1.0,2.0,1.0,1.0,3.0,13021.0,2.172024326672459,2.344996500162847,2.0053475935828877,1.9250160418003484,2.3141162929268972,13021.0,1.0,2.0,1.0,1.0,3.0,13021.0,4604.0,18504.0,10472.0,2.172024326672459,2.344996500162847,2.0053475935828877,1.9250160418003484,2.3141162929268972,13021.0,1.0,2.0,1.0,1.0,3.0,13021.0,4604.0,18504.0,10472.0,21818.0,10088.666666666666
79,3.0,0.0,0.0,2.686109737768053,2.686109737768053,2.344996500162847,2.460456942003515,2.460456942003515,2.686109737768053,3,,3.0,2.686109737768053,2.344996500162847,2.460456942003515,2.460456942003515,2.686109737768053,3,0.0,3.0,0.0,0.0,3.0,2.686109737768053,2.344996500162847,2.460456942003515,2.460456942003515,2.686109737768053,3,3.0,0.0,0.0,0.0,3.0,0.0,0.0,3.0,2.686109737768053,2.344996500162847,2.460456942003515,2.460456942003515,2.686109737768053,3,3.0,0.0,0.0,0.0,3.0,2.686109737768053,2.344996500162847,2.460456942003515,2.460456942003515,2.686109737768053,3750.0,3.0,0.0,0.0,0.0,3.0,3750.0,2.686109737768053,2.344996500162847,2.460456942003515,2.460456942003515,2.686109737768053,3750.0,3.0,0.0,0.0,0.0,3.0,3750.0,3750.0,18504.0,8535.0,2.686109737768053,2.344996500162847,2.460456942003515,2.460456942003515,2.686109737768053,3750.0,3.0,0.0,0.0,0.0,3.0,3750.0,3750.0,18504.0,8535.0,8535.0,3750.0
80,0.0,0.0,1.0,2.460456942003515,1.9782393669634026,2.344996500162847,2.460456942003515,2.460456942003515,1.9782393669634026,1,1.0,,1.9782393669634026,2.344996500162847,2.460456942003515,2.460456942003515,1.9782393669634026,1,1.0,0.0,0.0,1.0,0.0,1.9782393669634026,2.344996500162847,2.460456942003515,2.460456942003515,1.9782393669634026,1,0.0,0.0,1.0,1.0,0.0,0.0,1.0,0.0,1.9782393669634026,2.344996500162847,2.460456942003515,2.460456942003515,1.9782393669634026,1,0.0,0.0,1.0,1.0,0.0,1.9782393669634026,2.344996500162847,2.460456942003515,2.460456942003515,1.9782393669634026,8535.0,0.0,0.0,1.0,1.0,0.0,8535.0,1.9782393669634026,2.344996500162847,2.460456942003515,2.460456942003515,1.9782393669634026,8535.0,0.0,0.0,1.0,1.0,0.0,8535.0,5055.0,18504.0,8535.0,1.9782393669634026,2.344996500162847,2.460456942003515,2.460456942003515,1.9782393669634026,8535.0,0.0,0.0,1.0,1.0,0.0,8535.0,5055.0,18504.0,8535.0,8535.0,5055.0
81,1.0,0.0,0.0,1.9782393669634026,1.9782393669634026,2.344996500162847,2.460456942003515,2.1186440677966103,1.9782393669634026,1,,1.0,1.9782393669634026,2.344996500162847,2.460456942003515,2.1186440677966103,1.9782393669634026,1,0.0,1.0,0.0,0.0,1.0,1.9782393669634026,2.344996500162847,2.460456942003515,2.1186440677966103,1.9782393669634026,1,1.0,0.0,0.0,0.0,1.0,0.0,0.0,1.0,1.9782393669634026,2.344996500162847,2.460456942003515,2.1186440677966103,1.9782393669634026,1,1.0,0.0,0.0,0.0,1.0,1.9782393669634026,2.344996500162847,2.460456942003515,2.1186440677966103,1.9782393669634026,5055.0,1.0,0.0,0.0,0.0,1.0,5055.0,1.9782393669634026,2.344996500162847,2.460456942003515,2.1186440677966103,1.9782393669634026,5055.0,1.0,0.0,0.0,0.0,1.0,5055.0,5055.0,18504.0,8535.0,1.9782393669634026,2.344996500162847,2.460456942003515,2.1186440677966103,1.9782393669634026,5055.0,1.0,0.0,0.0,0.0,1.0,5055.0,5055.0,18504.0,8535.0,4720.0,5055.0
83,2.0,0.0,0.0,2.4125020068347056,2.4125020068347056,2.344996500162847,2.460456942003515,2.1186440677966103,2.706359945872801,2,1.0,1.0,2.4125020068347056,2.344996500162847,2.460456942003515,2.1186440677966103,2.706359945872801,2,1.0,2.0,0.0,0.0,1.0,2.4125020068347056,2.344996500162847,2.460456942003515,2.1186440677966103,2.706359945872801,2,2.0,0.0,0.0,1.0,2.0,0.0,0.0,1.0,2.4125020068347056,2.344996500162847,2.460456942003515,2.1186440677966103,2.706359945872801,2,2.0,0.0,0.0,1.0,1.0,2.4125020068347056,2.344996500162847,2.460456942003515,2.1186440677966103,2.706359945872801,4207.5,2.0,0.0,0.0,1.0,1.0,4207.5,2.4125020068347056,2.344996500162847,2.460456942003515,2.1186440677966103,2.706359945872801,4207.5,2.0,0.0,0.0,1.0,1.0,4207.5,4207.5,18504.0,8535.0,2.4125020068347056,2.344996500162847,2.460456942003515,2.1186440677966103,2.706359945872801,4207.5,2.0,0.0,0.0,1.0,1.0,4207.5,4207.5,18504.0,8535.0,4720.0,3695.0
