{"data":[{"marker":{"color":"#f442e8"},"mode":"lines","name":"Female runners","type":"scatter","x":["1999","2000","2001","2002","2003","2004","2005","2006","2007","2008","2009","2010","2011","2012","2013","2014","2015","2016"],"y":[54.0,53.0,53.0,52.0,51.0,50.0,49.0,49.0,49.0,47.0,45.0,45.0,43.0,41.0,40.0,37.0,36.0,36.0]},{"marker":{"color":"#4286f4"},"mode":"lines","name":"Male runners","type":"scatter","x":["1999","2000","2001","2002","2003","2004","2005","2006","2007","2008","2009","2010","2011","2012","2013","2014","2015","2016"],"y":[57.0,56.0,54.0,54.0,53.0,52.0,52.0,52.0,51.0,50.0,48.0,47.0,46.0,44.0,43.0,41.0,40.0,40.0]}],"layout":{"annotations":[],"barmode":null,"boxmode":null,"hovermode":null,"title":"Evolution of median age over the years","xaxis":{"mirror":"ticks","showgrid":true,"showline":true,"tickformat":null,"ticks":"inside","ticktext":null,"tickvals":null,"title":"Year","type":null,"zeroline":true,"zerolinewidth":2},"yaxis":{"mirror":"ticks","showgrid":true,"showline":true,"tickformat":null,"ticks":"inside","ticktext":null,"tickvals":null,"title":"Median age (all runnings)","type":null,"zeroline":true,"zerolinewidth":2}}}