{"data":[{"hoverinfo":"text","name":"Canton of Vaud","text":["<b>Canton of Vaud</b><br>381864 residents","<b>Canton of Vaud</b><br>396501 residents"],"type":"bar","x":["male","female"],"y":[49.05975988128963,50.94024011871038]},{"hoverinfo":"text","name":"Lausanne Marathon","text":["<b>Lausanne Marathon</b><br>6801 runners","<b>Lausanne Marathon</b><br>4447 runners"],"type":"bar","x":["male","female"],"y":[60.464082503556185,39.535917496443815]}],"layout":{"annotations":[{"showarrow":false,"text":"Total residents: 778365 | Total runners: 11248","xref":"paper","y":1.1,"yref":"paper"}],"bargap":null,"bargroupgap":null,"barmode":"group","boxmode":null,"height":null,"hovermode":null,"shapes":[],"title":"Gender distribution Lausanne Marathon vs Canton of Vaud","width":null,"xaxis":{"categoryarray":null,"categoryorder":null,"dtick":null,"mirror":"ticks","showgrid":true,"showline":true,"tickformat":null,"ticks":"inside","ticktext":null,"tickvals":null,"title":"Gender","type":null,"zeroline":true,"zerolinewidth":2},"yaxis":{"categoryarray":null,"categoryorder":null,"dtick":null,"mirror":"ticks","showgrid":true,"showline":true,"tickformat":null,"ticks":"inside","ticktext":null,"tickvals":null,"title":"Percentage (%)","type":null,"zeroline":true,"zerolinewidth":2}}}