{"data":[{"hoverinfo":"text","marker":{"color":"#f99740"},"name":"10 km","text":["<b>10 km</b><br>Individual runners: 3741 (67.8%)","<b>10 km</b><br>Team-mate runners: 1775 (32.2%)"],"type":"bar","x":["Individual","Team-mate"],"y":[3741,1775]},{"hoverinfo":"text","marker":{"color":"#40aff9"},"name":"Semi-marathon","text":["<b>Semi-marathon</b><br>Individual runners: 3138 (71.1%)","<b>Semi-marathon</b><br>Team-mate runners: 1276 (28.9%)"],"type":"bar","x":["Individual","Team-mate"],"y":[3138,1276]},{"hoverinfo":"text","marker":{"color":"#f94040"},"name":"Marathon","text":["<b>Marathon</b><br>Individual runners: 951 (72.2%)","<b>Marathon</b><br>Team-mate runners: 367 (27.8%)"],"type":"bar","x":["Individual","Team-mate"],"y":[951,367]}],"layout":{"annotations":[{"showarrow":false,"text":"10 km: 5516 runners | Semi-marathon: 4414 runners | Marathon: 1318 runners","x":0,"xref":"paper","y":1.1,"yref":"paper"}],"bargap":null,"bargroupgap":null,"barmode":"group","boxmode":null,"height":null,"hovermode":null,"shapes":[],"title":"Team/individual runners composition","width":null,"xaxis":{"categoryarray":null,"categoryorder":null,"dtick":null,"mirror":"ticks","showgrid":true,"showline":true,"tickformat":null,"ticks":"inside","ticktext":null,"tickvals":null,"title":"Composition","type":null,"zeroline":true,"zerolinewidth":2},"yaxis":{"categoryarray":null,"categoryorder":null,"dtick":null,"mirror":"ticks","showgrid":true,"showline":true,"tickformat":null,"ticks":"inside","ticktext":null,"tickvals":null,"title":"Number of runners","type":null,"zeroline":true,"zerolinewidth":2}}}