{"data":[{"marker":{"color":"#f94040"},"name":"Marathon","type":"bar","x":["1999","2000","2001","2002","2003","2004","2005","2006","2007","2008","2009","2010","2011","2012","2013","2014","2015","2016"],"y":[1365,1686,1935,1673,1628,1731,1743,1590,1395,1122,1253,1314,1266,1209,1334,1151,1225,1305]},{"marker":{"color":"#f99740"},"name":"10 km","type":"bar","x":["1999","2000","2001","2002","2003","2004","2005","2006","2007","2008","2009","2010","2011","2012","2013","2014","2015","2016"],"y":[1273,1308,1477,1484,1640,2040,1970,2092,2122,2202,2748,2991,3122,3192,3902,4973,5045,5020]},{"marker":{"color":"#40aff9"},"name":"Semi-marathon","type":"bar","x":["1999","2000","2001","2002","2003","2004","2005","2006","2007","2008","2009","2010","2011","2012","2013","2014","2015","2016"],"y":[1652,1907,2022,2051,2454,2907,3120,3020,3003,3040,3473,3680,3998,3826,4463,4430,4260,4206]}],"layout":{"barmode":"stack","boxmode":null,"hovermode":null,"title":"Distribution of runners over the years for Lausanne Marathon","xaxis":{"mirror":"ticks","showgrid":true,"showline":true,"tickformat":null,"ticks":"inside","ticktext":null,"tickvals":null,"title":"Years","type":null,"zeroline":true,"zerolinewidth":2},"yaxis":{"mirror":"ticks","showgrid":true,"showline":true,"tickformat":null,"ticks":"inside","ticktext":null,"tickvals":null,"title":"Number of runners","type":null,"zeroline":true,"zerolinewidth":2}}}