{"data":[{"hoverinfo":"text","name":"junior","text":["<b>Adult</b><br>Number of participants: 10749 (95.6%)","<b>Junior</b><br>Number of participants: 499 (4.4%)"],"type":"bar","x":["adult","junior"],"y":[10749,499]}],"layout":{"annotations":[],"bargap":null,"bargroupgap":null,"barmode":"group","boxmode":null,"height":null,"hovermode":null,"shapes":[],"title":"Distribution by type of runners","width":null,"xaxis":{"categoryarray":null,"categoryorder":null,"dtick":null,"mirror":"ticks","showgrid":true,"showline":true,"tickformat":null,"ticks":"inside","ticktext":null,"tickvals":null,"title":"Type of runner","type":null,"zeroline":true,"zerolinewidth":2},"yaxis":{"categoryarray":null,"categoryorder":null,"dtick":null,"mirror":"ticks","showgrid":true,"showline":true,"tickformat":null,"ticks":"inside","ticktext":null,"tickvals":null,"title":"Number of runners","type":null,"zeroline":true,"zerolinewidth":2}}}