{"data":[{"legendgroup":"10 km","marker":{"color":"#f99740"},"name":"10 km","showlegend":true,"type":"bar","x":["1999","2000","2001","2002","2003","2004","2005","2006","2007","2008","2009","2010","2011","2012","2013","2014","2015","2016"],"xaxis":"x1","y":[479,501,559,574,693,850,844,858,915,928,1180,1243,1345,1459,1887,2404,2479,2452],"yaxis":"y1"},{"legendgroup":"Semi-marathon","marker":{"color":"#40aff9"},"name":"Semi-marathon","showlegend":true,"type":"bar","x":["1999","2000","2001","2002","2003","2004","2005","2006","2007","2008","2009","2010","2011","2012","2013","2014","2015","2016"],"xaxis":"x1","y":[385,462,512,562,632,791,918,866,880,889,1052,1065,1204,1236,1457,1422,1440,1427],"yaxis":"y1"},{"legendgroup":"Marathon","marker":{"color":"#f94040"},"name":"Marathon","showlegend":true,"type":"bar","x":["1999","2000","2001","2002","2003","2004","2005","2006","2007","2008","2009","2010","2011","2012","2013","2014","2015","2016"],"xaxis":"x1","y":[178,237,391,268,273,271,329,294,226,170,203,179,228,224,230,199,207,219],"yaxis":"y1"},{"legendgroup":"10 km","marker":{"color":"#f99740"},"name":"10 km","showlegend":false,"type":"bar","x":["1999","2000","2001","2002","2003","2004","2005","2006","2007","2008","2009","2010","2011","2012","2013","2014","2015","2016"],"xaxis":"x2","y":[794,807,918,910,947,1190,1126,1234,1207,1274,1568,1748,1777,1733,2015,2569,2566,2568],"yaxis":"y2"},{"legendgroup":"Semi-marathon","marker":{"color":"#40aff9"},"name":"Semi-marathon","showlegend":false,"type":"bar","x":["1999","2000","2001","2002","2003","2004","2005","2006","2007","2008","2009","2010","2011","2012","2013","2014","2015","2016"],"xaxis":"x2","y":[1267,1445,1510,1489,1822,2116,2202,2154,2123,2151,2421,2615,2794,2590,3006,3008,2820,2779],"yaxis":"y2"},{"legendgroup":"Marathon","marker":{"color":"#f94040"},"name":"Marathon","showlegend":false,"type":"bar","x":["1999","2000","2001","2002","2003","2004","2005","2006","2007","2008","2009","2010","2011","2012","2013","2014","2015","2016"],"xaxis":"x2","y":[1187,1449,1544,1405,1355,1460,1414,1296,1169,952,1050,1135,1038,985,1104,952,1018,1086],"yaxis":"y2"}],"layout":{"annotations":[{"font":{"size":16},"showarrow":false,"text":"Female runners","x":0.225,"xanchor":"center","xref":"paper","y":1.0,"yanchor":"bottom","yref":"paper"},{"font":{"size":16},"showarrow":false,"text":"Male runners","x":0.775,"xanchor":"center","xref":"paper","y":1.0,"yanchor":"bottom","yref":"paper"}],"barmode":"stack","title":"Gender distribution over the years for the different runnings of Lausanne Marathon","xaxis1":{"anchor":"y1","domain":[0.0,0.45]},"xaxis2":{"anchor":"y2","domain":[0.55,1.0]},"yaxis1":{"anchor":"x1","domain":[0.0,1.0]},"yaxis2":{"anchor":"x2","domain":[0.0,1.0]}}}