{"10 km":{"data":[{"hoverinfo":"text","marker":{"color":"rgb(227,26,28)","line":{"color":"rgb(0, 0, 0)","width":1.5},"size":[19,19,21,32,27,29]},"mode":"lines+markers","name":"Epalinges","text":["<b>Team: Epalinges</b><br>Average time: 00:52:51<br>Participants: 19<br>Median age: 58","<b>Team: Epalinges</b><br>Average time: 00:53:51<br>Participants: 19<br>Median age: 53","<b>Team: Epalinges</b><br>Average time: 00:53:00<br>Participants: 21<br>Median age: 55","<b>Team: Epalinges</b><br>Average time: 00:53:45<br>Participants: 32<br>Median age: 52","<b>Team: Epalinges</b><br>Average time: 00:52:25<br>Participants: 27<br>Median age: 52","<b>Team: Epalinges</b><br>Average time: 00:53:12<br>Participants: 29<br>Median age: 53"],"type":"scatter","x":[2001,2002,2003,2004,2005,2006],"y":["1900-01-01 00:52:51","1900-01-01 00:53:51","1900-01-01 00:53:00","1900-01-01 00:53:45","1900-01-01 00:52:25","1900-01-01 00:53:12"]},{"hoverinfo":"text","marker":{"color":"rgb(31,120,180)","line":{"color":"rgb(0, 0, 0)","width":1.5},"size":[32,27,47,50,33,50]},"mode":"lines+markers","name":"Gen\u00e8ve","text":["<b>Team: Gen\u00e8ve</b><br>Average time: 00:46:49<br>Participants: 32<br>Median age: 54","<b>Team: Gen\u00e8ve</b><br>Average time: 00:47:17<br>Participants: 27<br>Median age: 54","<b>Team: Gen\u00e8ve</b><br>Average time: 00:51:32<br>Participants: 47<br>Median age: 48","<b>Team: Gen\u00e8ve</b><br>Average time: 00:51:34<br>Participants: 56<br>Median age: 46","<b>Team: Gen\u00e8ve</b><br>Average time: 00:51:52<br>Participants: 33<br>Median age: 45","<b>Team: Gen\u00e8ve</b><br>Average time: 00:57:01<br>Participants: 67<br>Median age: 44"],"type":"scatter","x":[2001,2002,2003,2004,2005,2006],"y":["1900-01-01 00:46:49","1900-01-01 00:47:17","1900-01-01 00:51:32","1900-01-01 00:51:34","1900-01-01 00:51:52","1900-01-01 00:57:01"]},{"hoverinfo":"text","marker":{"color":"rgb(166,206,227)","line":{"color":"rgb(0, 0, 0)","width":1.5},"size":[50,50,50,50,50,50]},"mode":"lines+markers","name":"Lausanne","text":["<b>Team: Lausanne</b><br>Average time: 00:51:34<br>Participants: 228<br>Median age: 49","<b>Team: Lausanne</b><br>Average time: 00:52:07<br>Participants: 204<br>Median age: 51","<b>Team: Lausanne</b><br>Average time: 00:52:46<br>Participants: 250<br>Median age: 50","<b>Team: Lausanne</b><br>Average time: 00:53:24<br>Participants: 290<br>Median age: 47","<b>Team: Lausanne</b><br>Average time: 00:53:49<br>Participants: 294<br>Median age: 47","<b>Team: Lausanne</b><br>Average time: 00:55:21<br>Participants: 334<br>Median age: 45"],"type":"scatter","x":[2001,2002,2003,2004,2005,2006],"y":["1900-01-01 00:51:34","1900-01-01 00:52:07","1900-01-01 00:52:46","1900-01-01 00:53:24","1900-01-01 00:53:49","1900-01-01 00:55:21"]},{"hoverinfo":"text","marker":{"color":"rgb(178,223,138)","line":{"color":"rgb(0, 0, 0)","width":1.5},"size":[12,16,14,25,19,27]},"mode":"lines+markers","name":"Lutry","text":["<b>Team: Lutry</b><br>Average time: 00:51:51<br>Participants: 12<br>Median age: 54","<b>Team: Lutry</b><br>Average time: 00:50:32<br>Participants: 16<br>Median age: 53","<b>Team: Lutry</b><br>Average time: 00:48:13<br>Participants: 14<br>Median age: 49","<b>Team: Lutry</b><br>Average time: 00:52:28<br>Participants: 25<br>Median age: 51","<b>Team: Lutry</b><br>Average time: 01:00:37<br>Participants: 19<br>Median age: 55","<b>Team: Lutry</b><br>Average time: 00:55:05<br>Participants: 27<br>Median age: 54"],"type":"scatter","x":[2001,2002,2003,2004,2005,2006],"y":["1900-01-01 00:51:51","1900-01-01 00:50:32","1900-01-01 00:48:13","1900-01-01 00:52:28","1900-01-01 01:00:37","1900-01-01 00:55:05"]},{"hoverinfo":"text","marker":{"color":"rgb(253,191,111)","line":{"color":"rgb(0, 0, 0)","width":1.5},"size":[35,20,23,13,19,17]},"mode":"lines+markers","name":"Morges","text":["<b>Team: Morges</b><br>Average time: 00:51:04<br>Participants: 35<br>Median age: 49","<b>Team: Morges</b><br>Average time: 00:51:00<br>Participants: 20<br>Median age: 50","<b>Team: Morges</b><br>Average time: 00:49:19<br>Participants: 23<br>Median age: 51","<b>Team: Morges</b><br>Average time: 00:56:29<br>Participants: 13<br>Median age: 49","<b>Team: Morges</b><br>Average time: 00:52:58<br>Participants: 19<br>Median age: 46","<b>Team: Morges</b><br>Average time: 00:53:15<br>Participants: 17<br>Median age: 47"],"type":"scatter","x":[2001,2002,2003,2004,2005,2006],"y":["1900-01-01 00:51:04","1900-01-01 00:51:00","1900-01-01 00:49:19","1900-01-01 00:56:29","1900-01-01 00:52:58","1900-01-01 00:53:15"]},{"hoverinfo":"text","marker":{"color":"rgb(51,160,44)","line":{"color":"rgb(0, 0, 0)","width":1.5},"size":[16,21,23,27,22,17]},"mode":"lines+markers","name":"Nyon","text":["<b>Team: Nyon</b><br>Average time: 00:53:43<br>Participants: 16<br>Median age: 52","<b>Team: Nyon</b><br>Average time: 00:49:43<br>Participants: 21<br>Median age: 52","<b>Team: Nyon</b><br>Average time: 00:50:46<br>Participants: 23<br>Median age: 53","<b>Team: Nyon</b><br>Average time: 00:53:55<br>Participants: 27<br>Median age: 51","<b>Team: Nyon</b><br>Average time: 00:49:09<br>Participants: 22<br>Median age: 50","<b>Team: Nyon</b><br>Average time: 00:57:16<br>Participants: 17<br>Median age: 53"],"type":"scatter","x":[2001,2002,2003,2004,2005,2006],"y":["1900-01-01 00:53:43","1900-01-01 00:49:43","1900-01-01 00:50:46","1900-01-01 00:53:55","1900-01-01 00:49:09","1900-01-01 00:57:16"]},{"hoverinfo":"text","marker":{"color":"rgb(251,154,153)","line":{"color":"rgb(0, 0, 0)","width":1.5},"size":[50,50,50,50,50,50]},"mode":"lines+markers","name":"Pully","text":["<b>Team: Pully</b><br>Average time: 00:52:00<br>Participants: 58<br>Median age: 56","<b>Team: Pully</b><br>Average time: 00:52:43<br>Participants: 54<br>Median age: 55","<b>Team: Pully</b><br>Average time: 00:52:16<br>Participants: 64<br>Median age: 52","<b>Team: Pully</b><br>Average time: 00:55:32<br>Participants: 62<br>Median age: 53","<b>Team: Pully</b><br>Average time: 00:55:35<br>Participants: 50<br>Median age: 49","<b>Team: Pully</b><br>Average time: 00:55:10<br>Participants: 62<br>Median age: 49"],"type":"scatter","x":[2001,2002,2003,2004,2005,2006],"y":["1900-01-01 00:52:00","1900-01-01 00:52:43","1900-01-01 00:52:16","1900-01-01 00:55:32","1900-01-01 00:55:35","1900-01-01 00:55:10"]},{"hoverinfo":"text","marker":{"color":"rgb(255,127,0)","line":{"color":"rgb(0, 0, 0)","width":1.5},"size":[29,17,20,31,16,32]},"mode":"lines+markers","name":"Renens VD","text":["<b>Team: Renens VD</b><br>Average time: 00:52:47<br>Participants: 29<br>Median age: 48","<b>Team: Renens VD</b><br>Average time: 00:52:40<br>Participants: 17<br>Median age: 47","<b>Team: Renens VD</b><br>Average time: 00:52:39<br>Participants: 20<br>Median age: 52","<b>Team: Renens VD</b><br>Average time: 00:56:30<br>Participants: 31<br>Median age: 53","<b>Team: Renens VD</b><br>Average time: 00:54:53<br>Participants: 16<br>Median age: 51","<b>Team: Renens VD</b><br>Average time: 00:55:33<br>Participants: 32<br>Median age: 53"],"type":"scatter","x":[2001,2002,2003,2004,2005,2006],"y":["1900-01-01 00:52:47","1900-01-01 00:52:40","1900-01-01 00:52:39","1900-01-01 00:56:30","1900-01-01 00:54:53","1900-01-01 00:55:33"]}],"layout":{"annotations":[{"showarrow":false,"text":"Running: 10 km | Top teams: 8 | Minimum participations: 6 | Maximum bins size: 50","xref":"paper","y":1.1,"yref":"paper"}],"barmode":null,"boxmode":null,"hovermode":"closest","title":"Evolution of teams performance over the years","xaxis":{"mirror":"ticks","showgrid":true,"showline":true,"tickformat":null,"ticks":"inside","ticktext":null,"tickvals":null,"title":"Year","type":null,"zeroline":true,"zerolinewidth":2},"yaxis":{"mirror":"ticks","showgrid":true,"showline":true,"tickformat":"%H:%M:%S","ticks":"inside","ticktext":null,"tickvals":null,"title":"Median time","type":"time","zeroline":true,"zerolinewidth":2}}},"Marathon":{"data":[{"hoverinfo":"text","marker":{"color":"rgb(166,206,227)","line":{"color":"rgb(0, 0, 0)","width":1.5},"size":[17,11,12,16,6,11]},"mode":"lines+markers","name":"Basel","text":["<b>Team: Basel</b><br>Average time: 03:47:42<br>Participants: 17<br>Median age: 47","<b>Team: Basel</b><br>Average time: 03:40:00<br>Participants: 11<br>Median age: 52","<b>Team: Basel</b><br>Average time: 03:43:19<br>Participants: 12<br>Median age: 52","<b>Team: Basel</b><br>Average time: 03:53:38<br>Participants: 16<br>Median age: 53","<b>Team: Basel</b><br>Average time: 03:48:10<br>Participants: 6<br>Median age: 51","<b>Team: Basel</b><br>Average time: 03:46:12<br>Participants: 11<br>Median age: 54"],"type":"scatter","x":[2001,2002,2003,2004,2005,2006],"y":["1900-01-01 03:47:42","1900-01-01 03:40:00","1900-01-01 03:43:19","1900-01-01 03:53:38","1900-01-01 03:48:10","1900-01-01 03:46:12"]},{"hoverinfo":"text","marker":{"color":"rgb(251,154,153)","line":{"color":"rgb(0, 0, 0)","width":1.5},"size":[20,17,19,25,26,24]},"mode":"lines+markers","name":"Bern","text":["<b>Team: Bern</b><br>Average time: 03:43:46<br>Participants: 20<br>Median age: 51","<b>Team: Bern</b><br>Average time: 04:04:07<br>Participants: 17<br>Median age: 53","<b>Team: Bern</b><br>Average time: 03:48:45<br>Participants: 19<br>Median age: 48","<b>Team: Bern</b><br>Average time: 03:45:35<br>Participants: 25<br>Median age: 50","<b>Team: Bern</b><br>Average time: 03:43:18<br>Participants: 26<br>Median age: 50","<b>Team: Bern</b><br>Average time: 04:04:11<br>Participants: 24<br>Median age: 46"],"type":"scatter","x":[2001,2002,2003,2004,2005,2006],"y":["1900-01-01 03:43:46","1900-01-01 04:04:07","1900-01-01 03:48:45","1900-01-01 03:45:35","1900-01-01 03:43:18","1900-01-01 04:04:11"]},{"hoverinfo":"text","marker":{"color":"rgb(253,191,111)","line":{"color":"rgb(0, 0, 0)","width":1.5},"size":[5,12,12,8,10,13]},"mode":"lines+markers","name":"Fribourg","text":["<b>Team: Fribourg</b><br>Average time: 04:02:58<br>Participants: 5<br>Median age: 47","<b>Team: Fribourg</b><br>Average time: 03:47:47<br>Participants: 12<br>Median age: 50","<b>Team: Fribourg</b><br>Average time: 03:52:02<br>Participants: 12<br>Median age: 51","<b>Team: Fribourg</b><br>Average time: 04:04:26<br>Participants: 8<br>Median age: 53","<b>Team: Fribourg</b><br>Average time: 03:40:16<br>Participants: 10<br>Median age: 50","<b>Team: Fribourg</b><br>Average time: 03:49:22<br>Participants: 13<br>Median age: 51"],"type":"scatter","x":[2001,2002,2003,2004,2005,2006],"y":["1900-01-01 04:02:58","1900-01-01 03:47:47","1900-01-01 03:52:02","1900-01-01 04:04:26","1900-01-01 03:40:16","1900-01-01 03:49:22"]},{"hoverinfo":"text","marker":{"color":"rgb(178,223,138)","line":{"color":"rgb(0, 0, 0)","width":1.5},"size":[26,26,28,28,17,20]},"mode":"lines+markers","name":"Gen\u00e8ve","text":["<b>Team: Gen\u00e8ve</b><br>Average time: 04:03:58<br>Participants: 26<br>Median age: 51","<b>Team: Gen\u00e8ve</b><br>Average time: 03:47:23<br>Participants: 26<br>Median age: 52","<b>Team: Gen\u00e8ve</b><br>Average time: 03:47:02<br>Participants: 28<br>Median age: 54","<b>Team: Gen\u00e8ve</b><br>Average time: 03:47:50<br>Participants: 28<br>Median age: 49","<b>Team: Gen\u00e8ve</b><br>Average time: 03:38:46<br>Participants: 17<br>Median age: 53","<b>Team: Gen\u00e8ve</b><br>Average time: 03:46:42<br>Participants: 20<br>Median age: 47"],"type":"scatter","x":[2001,2002,2003,2004,2005,2006],"y":["1900-01-01 04:03:58","1900-01-01 03:47:23","1900-01-01 03:47:02","1900-01-01 03:47:50","1900-01-01 03:38:46","1900-01-01 03:46:42"]},{"hoverinfo":"text","marker":{"color":"rgb(31,120,180)","line":{"color":"rgb(0, 0, 0)","width":1.5},"size":[50,50,50,50,50,50]},"mode":"lines+markers","name":"Lausanne","text":["<b>Team: Lausanne</b><br>Average time: 03:52:35<br>Participants: 74<br>Median age: 53","<b>Team: Lausanne</b><br>Average time: 03:47:50<br>Participants: 80<br>Median age: 53","<b>Team: Lausanne</b><br>Average time: 03:52:42<br>Participants: 73<br>Median age: 52","<b>Team: Lausanne</b><br>Average time: 04:03:03<br>Participants: 78<br>Median age: 51","<b>Team: Lausanne</b><br>Average time: 03:53:21<br>Participants: 58<br>Median age: 52","<b>Team: Lausanne</b><br>Average time: 03:58:49<br>Participants: 66<br>Median age: 51"],"type":"scatter","x":[2001,2002,2003,2004,2005,2006],"y":["1900-01-01 03:52:35","1900-01-01 03:47:50","1900-01-01 03:52:42","1900-01-01 04:03:03","1900-01-01 03:53:21","1900-01-01 03:58:49"]},{"hoverinfo":"text","marker":{"color":"rgb(227,26,28)","line":{"color":"rgb(0, 0, 0)","width":1.5},"size":[7,10,9,11,13,10]},"mode":"lines+markers","name":"Pully","text":["<b>Team: Pully</b><br>Average time: 03:41:25<br>Participants: 7<br>Median age: 55","<b>Team: Pully</b><br>Average time: 03:52:49<br>Participants: 10<br>Median age: 53","<b>Team: Pully</b><br>Average time: 03:56:07<br>Participants: 9<br>Median age: 55","<b>Team: Pully</b><br>Average time: 03:57:46<br>Participants: 11<br>Median age: 53","<b>Team: Pully</b><br>Average time: 03:45:52<br>Participants: 13<br>Median age: 52","<b>Team: Pully</b><br>Average time: 03:48:26<br>Participants: 10<br>Median age: 47"],"type":"scatter","x":[2001,2002,2003,2004,2005,2006],"y":["1900-01-01 03:41:25","1900-01-01 03:52:49","1900-01-01 03:56:07","1900-01-01 03:57:46","1900-01-01 03:45:52","1900-01-01 03:48:26"]},{"hoverinfo":"text","marker":{"color":"rgb(255,127,0)","line":{"color":"rgb(0, 0, 0)","width":1.5},"size":[14,11,8,12,6,6]},"mode":"lines+markers","name":"Winterthur","text":["<b>Team: Winterthur</b><br>Average time: 04:18:48<br>Participants: 14<br>Median age: 57","<b>Team: Winterthur</b><br>Average time: 03:37:45<br>Participants: 11<br>Median age: 50","<b>Team: Winterthur</b><br>Average time: 03:47:41<br>Participants: 8<br>Median age: 51","<b>Team: Winterthur</b><br>Average time: 03:47:45<br>Participants: 12<br>Median age: 54","<b>Team: Winterthur</b><br>Average time: 03:22:47<br>Participants: 6<br>Median age: 54","<b>Team: Winterthur</b><br>Average time: 03:37:22<br>Participants: 6<br>Median age: 44"],"type":"scatter","x":[2001,2002,2003,2004,2005,2006],"y":["1900-01-01 04:18:48","1900-01-01 03:37:45","1900-01-01 03:47:41","1900-01-01 03:47:45","1900-01-01 03:22:47","1900-01-01 03:37:22"]},{"hoverinfo":"text","marker":{"color":"rgb(51,160,44)","line":{"color":"rgb(0, 0, 0)","width":1.5},"size":[30,48,30,44,33,42]},"mode":"lines+markers","name":"Z\u00fcrich","text":["<b>Team: Z\u00fcrich</b><br>Average time: 03:49:10<br>Participants: 30<br>Median age: 49","<b>Team: Z\u00fcrich</b><br>Average time: 03:42:33<br>Participants: 48<br>Median age: 50","<b>Team: Z\u00fcrich</b><br>Average time: 03:43:33<br>Participants: 30<br>Median age: 49","<b>Team: Z\u00fcrich</b><br>Average time: 03:44:24<br>Participants: 44<br>Median age: 50","<b>Team: Z\u00fcrich</b><br>Average time: 03:47:07<br>Participants: 33<br>Median age: 49","<b>Team: Z\u00fcrich</b><br>Average time: 03:45:53<br>Participants: 42<br>Median age: 47"],"type":"scatter","x":[2001,2002,2003,2004,2005,2006],"y":["1900-01-01 03:49:10","1900-01-01 03:42:33","1900-01-01 03:43:33","1900-01-01 03:44:24","1900-01-01 03:47:07","1900-01-01 03:45:53"]}],"layout":{"annotations":[{"showarrow":false,"text":"Running: Marathon | Top teams: 8 | Minimum participations: 6 | Maximum bins size: 50","xref":"paper","y":1.1,"yref":"paper"}],"barmode":null,"boxmode":null,"hovermode":"closest","title":"Evolution of teams performance over the years","xaxis":{"mirror":"ticks","showgrid":true,"showline":true,"tickformat":null,"ticks":"inside","ticktext":null,"tickvals":null,"title":"Year","type":null,"zeroline":true,"zerolinewidth":2},"yaxis":{"mirror":"ticks","showgrid":true,"showline":true,"tickformat":"%H:%M:%S","ticks":"inside","ticktext":null,"tickvals":null,"title":"Median time","type":"time","zeroline":true,"zerolinewidth":2}}},"Semi-marathon":{"data":[{"hoverinfo":"text","marker":{"color":"rgb(251,154,153)","line":{"color":"rgb(0, 0, 0)","width":1.5},"size":[25,24,50,50,50,32]},"mode":"lines+markers","name":"Bern","text":["<b>Team: Bern</b><br>Average time: 01:46:17<br>Participants: 25<br>Median age: 52","<b>Team: Bern</b><br>Average time: 01:57:27<br>Participants: 24<br>Median age: 49","<b>Team: Bern</b><br>Average time: 01:47:33<br>Participants: 51<br>Median age: 48","<b>Team: Bern</b><br>Average time: 01:51:09<br>Participants: 53<br>Median age: 49","<b>Team: Bern</b><br>Average time: 01:54:01<br>Participants: 55<br>Median age: 47","<b>Team: Bern</b><br>Average time: 01:53:11<br>Participants: 32<br>Median age: 46"],"type":"scatter","x":[2001,2002,2003,2004,2005,2006],"y":["1900-01-01 01:46:17","1900-01-01 01:57:27","1900-01-01 01:47:33","1900-01-01 01:51:09","1900-01-01 01:54:01","1900-01-01 01:53:11"]},{"hoverinfo":"text","marker":{"color":"rgb(227,26,28)","line":{"color":"rgb(0, 0, 0)","width":1.5},"size":[11,22,18,27,34,29]},"mode":"lines+markers","name":"Epalinges","text":["<b>Team: Epalinges</b><br>Average time: 01:55:06<br>Participants: 11<br>Median age: 56","<b>Team: Epalinges</b><br>Average time: 01:51:30<br>Participants: 22<br>Median age: 54","<b>Team: Epalinges</b><br>Average time: 01:53:31<br>Participants: 18<br>Median age: 56","<b>Team: Epalinges</b><br>Average time: 02:02:32<br>Participants: 27<br>Median age: 56","<b>Team: Epalinges</b><br>Average time: 01:53:51<br>Participants: 34<br>Median age: 55","<b>Team: Epalinges</b><br>Average time: 02:06:41<br>Participants: 29<br>Median age: 54"],"type":"scatter","x":[2001,2002,2003,2004,2005,2006],"y":["1900-01-01 01:55:06","1900-01-01 01:51:30","1900-01-01 01:53:31","1900-01-01 02:02:32","1900-01-01 01:53:51","1900-01-01 02:06:41"]},{"hoverinfo":"text","marker":{"color":"rgb(31,120,180)","line":{"color":"rgb(0, 0, 0)","width":1.5},"size":[50,50,50,50,50,50]},"mode":"lines+markers","name":"Gen\u00e8ve","text":["<b>Team: Gen\u00e8ve</b><br>Average time: 01:48:42<br>Participants: 68<br>Median age: 49","<b>Team: Gen\u00e8ve</b><br>Average time: 01:48:49<br>Participants: 75<br>Median age: 50","<b>Team: Gen\u00e8ve</b><br>Average time: 01:49:29<br>Participants: 91<br>Median age: 50","<b>Team: Gen\u00e8ve</b><br>Average time: 01:51:51<br>Participants: 117<br>Median age: 49","<b>Team: Gen\u00e8ve</b><br>Average time: 01:49:54<br>Participants: 115<br>Median age: 47","<b>Team: Gen\u00e8ve</b><br>Average time: 01:52:48<br>Participants: 130<br>Median age: 46"],"type":"scatter","x":[2001,2002,2003,2004,2005,2006],"y":["1900-01-01 01:48:42","1900-01-01 01:48:49","1900-01-01 01:49:29","1900-01-01 01:51:51","1900-01-01 01:49:54","1900-01-01 01:52:48"]},{"hoverinfo":"text","marker":{"color":"rgb(253,191,111)","line":{"color":"rgb(0, 0, 0)","width":1.5},"size":[19,18,24,23,37,37]},"mode":"lines+markers","name":"La Tour-de-Peilz","text":["<b>Team: La Tour-de-Peilz</b><br>Average time: 01:48:33<br>Participants: 19<br>Median age: 51","<b>Team: La Tour-de-Peilz</b><br>Average time: 01:48:42<br>Participants: 18<br>Median age: 49","<b>Team: La Tour-de-Peilz</b><br>Average time: 01:50:27<br>Participants: 24<br>Median age: 47","<b>Team: La Tour-de-Peilz</b><br>Average time: 01:46:51<br>Participants: 23<br>Median age: 52","<b>Team: La Tour-de-Peilz</b><br>Average time: 01:57:34<br>Participants: 37<br>Median age: 52","<b>Team: La Tour-de-Peilz</b><br>Average time: 01:57:58<br>Participants: 37<br>Median age: 52"],"type":"scatter","x":[2001,2002,2003,2004,2005,2006],"y":["1900-01-01 01:48:33","1900-01-01 01:48:42","1900-01-01 01:50:27","1900-01-01 01:46:51","1900-01-01 01:57:34","1900-01-01 01:57:58"]},{"hoverinfo":"text","marker":{"color":"rgb(166,206,227)","line":{"color":"rgb(0, 0, 0)","width":1.5},"size":[50,50,50,50,50,50]},"mode":"lines+markers","name":"Lausanne","text":["<b>Team: Lausanne</b><br>Average time: 01:52:46<br>Participants: 181<br>Median age: 51","<b>Team: Lausanne</b><br>Average time: 01:50:19<br>Participants: 184<br>Median age: 49","<b>Team: Lausanne</b><br>Average time: 01:51:09<br>Participants: 208<br>Median age: 50","<b>Team: Lausanne</b><br>Average time: 01:55:25<br>Participants: 244<br>Median age: 47","<b>Team: Lausanne</b><br>Average time: 01:53:09<br>Participants: 239<br>Median age: 46","<b>Team: Lausanne</b><br>Average time: 01:57:56<br>Participants: 255<br>Median age: 46"],"type":"scatter","x":[2001,2002,2003,2004,2005,2006],"y":["1900-01-01 01:52:46","1900-01-01 01:50:19","1900-01-01 01:51:09","1900-01-01 01:55:25","1900-01-01 01:53:09","1900-01-01 01:57:56"]},{"hoverinfo":"text","marker":{"color":"rgb(255,127,0)","line":{"color":"rgb(0, 0, 0)","width":1.5},"size":[22,22,20,29,22,23]},"mode":"lines+markers","name":"Morges","text":["<b>Team: Morges</b><br>Average time: 01:49:49<br>Participants: 22<br>Median age: 52","<b>Team: Morges</b><br>Average time: 01:47:16<br>Participants: 22<br>Median age: 52","<b>Team: Morges</b><br>Average time: 01:47:17<br>Participants: 20<br>Median age: 55","<b>Team: Morges</b><br>Average time: 01:59:37<br>Participants: 29<br>Median age: 55","<b>Team: Morges</b><br>Average time: 01:56:09<br>Participants: 22<br>Median age: 51","<b>Team: Morges</b><br>Average time: 02:01:54<br>Participants: 23<br>Median age: 55"],"type":"scatter","x":[2001,2002,2003,2004,2005,2006],"y":["1900-01-01 01:49:49","1900-01-01 01:47:16","1900-01-01 01:47:17","1900-01-01 01:59:37","1900-01-01 01:56:09","1900-01-01 02:01:54"]},{"hoverinfo":"text","marker":{"color":"rgb(178,223,138)","line":{"color":"rgb(0, 0, 0)","width":1.5},"size":[28,25,37,47,43,50]},"mode":"lines+markers","name":"Pully","text":["<b>Team: Pully</b><br>Average time: 01:55:58<br>Participants: 28<br>Median age: 55","<b>Team: Pully</b><br>Average time: 01:57:16<br>Participants: 25<br>Median age: 58","<b>Team: Pully</b><br>Average time: 01:53:03<br>Participants: 37<br>Median age: 53","<b>Team: Pully</b><br>Average time: 01:55:57<br>Participants: 47<br>Median age: 52","<b>Team: Pully</b><br>Average time: 01:58:47<br>Participants: 43<br>Median age: 50","<b>Team: Pully</b><br>Average time: 02:03:33<br>Participants: 58<br>Median age: 49"],"type":"scatter","x":[2001,2002,2003,2004,2005,2006],"y":["1900-01-01 01:55:58","1900-01-01 01:57:16","1900-01-01 01:53:03","1900-01-01 01:55:57","1900-01-01 01:58:47","1900-01-01 02:03:33"]},{"hoverinfo":"text","marker":{"color":"rgb(51,160,44)","line":{"color":"rgb(0, 0, 0)","width":1.5},"size":[23,29,34,37,49,33]},"mode":"lines+markers","name":"Z\u00fcrich","text":["<b>Team: Z\u00fcrich</b><br>Average time: 01:58:34<br>Participants: 23<br>Median age: 48","<b>Team: Z\u00fcrich</b><br>Average time: 01:50:45<br>Participants: 29<br>Median age: 49","<b>Team: Z\u00fcrich</b><br>Average time: 01:52:26<br>Participants: 34<br>Median age: 45","<b>Team: Z\u00fcrich</b><br>Average time: 01:49:39<br>Participants: 37<br>Median age: 46","<b>Team: Z\u00fcrich</b><br>Average time: 01:58:06<br>Participants: 49<br>Median age: 44","<b>Team: Z\u00fcrich</b><br>Average time: 01:54:53<br>Participants: 33<br>Median age: 45"],"type":"scatter","x":[2001,2002,2003,2004,2005,2006],"y":["1900-01-01 01:58:34","1900-01-01 01:50:45","1900-01-01 01:52:26","1900-01-01 01:49:39","1900-01-01 01:58:06","1900-01-01 01:54:53"]}],"layout":{"annotations":[{"showarrow":false,"text":"Running: Semi-marathon | Top teams: 8 | Minimum participations: 6 | Maximum bins size: 50","xref":"paper","y":1.1,"yref":"paper"}],"barmode":null,"boxmode":null,"hovermode":"closest","title":"Evolution of teams performance over the years","xaxis":{"mirror":"ticks","showgrid":true,"showline":true,"tickformat":null,"ticks":"inside","ticktext":null,"tickvals":null,"title":"Year","type":null,"zeroline":true,"zerolinewidth":2},"yaxis":{"mirror":"ticks","showgrid":true,"showline":true,"tickformat":"%H:%M:%S","ticks":"inside","ticktext":null,"tickvals":null,"title":"Median time","type":"time","zeroline":true,"zerolinewidth":2}}}}