{"data":[{"hoverinfo":"text","marker":{"color":"#f99740"},"name":"10 km","text":["<b>10 km</b><br>Male runners: 2769 (50.2%)","<b>10 km</b><br>Female runners: 2747 (49.8%)"],"type":"bar","x":["male","female"],"y":[2769,2747]},{"hoverinfo":"text","marker":{"color":"#40aff9"},"name":"Semi-marathon","text":["<b>Semi-marathon</b><br>Male runners: 2934 (66.5%)","<b>Semi-marathon</b><br>Female runners: 1480 (33.5%)"],"type":"bar","x":["male","female"],"y":[2934,1480]},{"hoverinfo":"text","marker":{"color":"#f94040"},"name":"Marathon","text":["<b>Marathon</b><br>Male runners: 1098 (83.3%)","<b>Marathon</b><br>Female runners: 220 (16.7%)"],"type":"bar","x":["male","female"],"y":[1098,220]}],"layout":{"annotations":[{"showarrow":false,"text":"10 km: 5516 runners | Semi-marathon: 4414 runners | Marathon: 1318 runners","x":0,"xref":"paper","y":1.1,"yref":"paper"}],"bargap":null,"bargroupgap":null,"barmode":"group","boxmode":null,"height":null,"hovermode":null,"shapes":[],"title":"Gender distribution by distance","width":null,"xaxis":{"categoryarray":null,"categoryorder":null,"dtick":null,"mirror":"ticks","showgrid":true,"showline":true,"tickformat":null,"ticks":"inside","ticktext":null,"tickvals":null,"title":"Gender","type":null,"zeroline":true,"zerolinewidth":2},"yaxis":{"categoryarray":null,"categoryorder":null,"dtick":null,"mirror":"ticks","showgrid":true,"showline":true,"tickformat":null,"ticks":"inside","ticktext":null,"tickvals":null,"title":"Number of runners","type":null,"zeroline":true,"zerolinewidth":2}}}