{"15-25 years":{"All":{"data":[{"marker":{"color":"#f99740"},"mode":"lines","name":"10 km","type":"scatter","x":[1999,2000,2001,2002,2003,2004,2005,2006,2007,2008,2009,2010,2011,2012,2013,2014,2015,2016],"y":[0,0,0,0,3,0,0,0,0,0,0,0,0,60,152,655,731,922]},{"marker":{"color":"#40aff9"},"mode":"lines","name":"Semi-marathon","type":"scatter","x":[1999,2000,2001,2002,2003,2004,2005,2006,2007,2008,2009,2010,2011,2012,2013,2014,2015,2016],"y":[0,0,0,0,0,0,0,0,0,0,0,0,115,116,176,262,298,393]},{"marker":{"color":"#f94040"},"mode":"lines","name":"Marathon","type":"scatter","x":[1999,2000,2001,2002,2003,2004,2005,2006,2007,2008,2009,2010,2011,2012,2013,2014,2015,2016],"y":[0,0,0,0,0,0,0,0,0,0,0,0,0,7,15,37,55,58]}],"layout":{"annotations":[{"showarrow":false,"text":"Age category: 15-25 years    Sex category: All runners","xref":"paper","y":1.1,"yref":"paper"}],"bargap":null,"bargroupgap":null,"barmode":null,"boxmode":null,"height":null,"hovermode":null,"shapes":[],"title":"Evolution of number of participants over years for runnings of Lausanne Marathon","width":null,"xaxis":{"categoryarray":null,"categoryorder":null,"dtick":null,"mirror":"ticks","showgrid":true,"showline":true,"tickformat":null,"ticks":"inside","ticktext":[1999,2000,2001,2002,2003,2004,2005,2006,2007,2008,2009,2010,2011,2012,2013,2014,2015,2016],"tickvals":[1999,2000,2001,2002,2003,2004,2005,2006,2007,2008,2009,2010,2011,2012,2013,2014,2015,2016],"title":"Years","type":null,"zeroline":true,"zerolinewidth":2},"yaxis":{"categoryarray":null,"categoryorder":null,"dtick":null,"mirror":"ticks","showgrid":true,"showline":true,"tickformat":"f","ticks":"inside","ticktext":null,"tickvals":null,"title":null,"type":null,"zeroline":true,"zerolinewidth":2}}},"Female":{"data":[{"marker":{"color":"#f99740"},"mode":"lines","name":"10 km","type":"scatter","x":[1999,2000,2001,2002,2003,2004,2005,2006,2007,2008,2009,2010,2011,2012,2013,2014,2015,2016],"y":[0,0,0,0,1,0,0,0,0,0,0,0,0,32,85,345,403,504]},{"marker":{"color":"#40aff9"},"mode":"lines","name":"Semi-marathon","type":"scatter","x":[1999,2000,2001,2002,2003,2004,2005,2006,2007,2008,2009,2010,2011,2012,2013,2014,2015,2016],"y":[0,0,0,0,0,0,0,0,0,0,0,0,28,32,45,90,115,160]},{"marker":{"color":"#f94040"},"mode":"lines","name":"Marathon","type":"scatter","x":[1999,2000,2001,2002,2003,2004,2005,2006,2007,2008,2009,2010,2011,2012,2013,2014,2015,2016],"y":[0,0,0,0,0,0,0,0,0,0,0,0,0,0,1,12,14,13]}],"layout":{"annotations":[{"showarrow":false,"text":"Age category: 15-25 years    Sex category: Female runners","xref":"paper","y":1.1,"yref":"paper"}],"bargap":null,"bargroupgap":null,"barmode":null,"boxmode":null,"height":null,"hovermode":null,"shapes":[],"title":"Evolution of number of participants over years for runnings of Lausanne Marathon","width":null,"xaxis":{"categoryarray":null,"categoryorder":null,"dtick":null,"mirror":"ticks","showgrid":true,"showline":true,"tickformat":null,"ticks":"inside","ticktext":[1999,2000,2001,2002,2003,2004,2005,2006,2007,2008,2009,2010,2011,2012,2013,2014,2015,2016],"tickvals":[1999,2000,2001,2002,2003,2004,2005,2006,2007,2008,2009,2010,2011,2012,2013,2014,2015,2016],"title":"Years","type":null,"zeroline":true,"zerolinewidth":2},"yaxis":{"categoryarray":null,"categoryorder":null,"dtick":null,"mirror":"ticks","showgrid":true,"showline":true,"tickformat":"f","ticks":"inside","ticktext":null,"tickvals":null,"title":null,"type":null,"zeroline":true,"zerolinewidth":2}}},"Male":{"data":[{"marker":{"color":"#f99740"},"mode":"lines","name":"10 km","type":"scatter","x":[1999,2000,2001,2002,2003,2004,2005,2006,2007,2008,2009,2010,2011,2012,2013,2014,2015,2016],"y":[0,0,0,0,2,0,0,0,0,0,0,0,0,28,67,310,328,418]},{"marker":{"color":"#40aff9"},"mode":"lines","name":"Semi-marathon","type":"scatter","x":[1999,2000,2001,2002,2003,2004,2005,2006,2007,2008,2009,2010,2011,2012,2013,2014,2015,2016],"y":[0,0,0,0,0,0,0,0,0,0,0,0,87,84,131,172,183,233]},{"marker":{"color":"#f94040"},"mode":"lines","name":"Marathon","type":"scatter","x":[1999,2000,2001,2002,2003,2004,2005,2006,2007,2008,2009,2010,2011,2012,2013,2014,2015,2016],"y":[0,0,0,0,0,0,0,0,0,0,0,0,0,7,14,25,41,45]}],"layout":{"annotations":[{"showarrow":false,"text":"Age category: 15-25 years    Sex category: Male runners","xref":"paper","y":1.1,"yref":"paper"}],"bargap":null,"bargroupgap":null,"barmode":null,"boxmode":null,"height":null,"hovermode":null,"shapes":[],"title":"Evolution of number of participants over years for runnings of Lausanne Marathon","width":null,"xaxis":{"categoryarray":null,"categoryorder":null,"dtick":null,"mirror":"ticks","showgrid":true,"showline":true,"tickformat":null,"ticks":"inside","ticktext":[1999,2000,2001,2002,2003,2004,2005,2006,2007,2008,2009,2010,2011,2012,2013,2014,2015,2016],"tickvals":[1999,2000,2001,2002,2003,2004,2005,2006,2007,2008,2009,2010,2011,2012,2013,2014,2015,2016],"title":"Years","type":null,"zeroline":true,"zerolinewidth":2},"yaxis":{"categoryarray":null,"categoryorder":null,"dtick":null,"mirror":"ticks","showgrid":true,"showline":true,"tickformat":"f","ticks":"inside","ticktext":null,"tickvals":null,"title":null,"type":null,"zeroline":true,"zerolinewidth":2}}}},"26-30 years":{"All":{"data":[{"marker":{"color":"#f99740"},"mode":"lines","name":"10 km","type":"scatter","x":[1999,2000,2001,2002,2003,2004,2005,2006,2007,2008,2009,2010,2011,2012,2013,2014,2015,2016],"y":[1,3,8,23,52,118,139,0,30,75,173,190,291,364,555,692,769,728]},{"marker":{"color":"#40aff9"},"mode":"lines","name":"Semi-marathon","type":"scatter","x":[1999,2000,2001,2002,2003,2004,2005,2006,2007,2008,2009,2010,2011,2012,2013,2014,2015,2016],"y":[0,0,0,0,8,21,38,0,15,54,98,169,226,296,433,593,620,659]},{"marker":{"color":"#f94040"},"mode":"lines","name":"Marathon","type":"scatter","x":[1999,2000,2001,2002,2003,2004,2005,2006,2007,2008,2009,2010,2011,2012,2013,2014,2015,2016],"y":[0,0,0,0,0,0,2,0,3,6,23,34,39,62,90,78,132,121]}],"layout":{"annotations":[{"showarrow":false,"text":"Age category: 26-30 years    Sex category: All runners","xref":"paper","y":1.1,"yref":"paper"}],"bargap":null,"bargroupgap":null,"barmode":null,"boxmode":null,"height":null,"hovermode":null,"shapes":[],"title":"Evolution of number of participants over years for runnings of Lausanne Marathon","width":null,"xaxis":{"categoryarray":null,"categoryorder":null,"dtick":null,"mirror":"ticks","showgrid":true,"showline":true,"tickformat":null,"ticks":"inside","ticktext":[1999,2000,2001,2002,2003,2004,2005,2006,2007,2008,2009,2010,2011,2012,2013,2014,2015,2016],"tickvals":[1999,2000,2001,2002,2003,2004,2005,2006,2007,2008,2009,2010,2011,2012,2013,2014,2015,2016],"title":"Years","type":null,"zeroline":true,"zerolinewidth":2},"yaxis":{"categoryarray":null,"categoryorder":null,"dtick":null,"mirror":"ticks","showgrid":true,"showline":true,"tickformat":"f","ticks":"inside","ticktext":null,"tickvals":null,"title":null,"type":null,"zeroline":true,"zerolinewidth":2}}},"Female":{"data":[{"marker":{"color":"#f99740"},"mode":"lines","name":"10 km","type":"scatter","x":[1999,2000,2001,2002,2003,2004,2005,2006,2007,2008,2009,2010,2011,2012,2013,2014,2015,2016],"y":[0,0,0,4,17,52,55,0,18,40,91,97,139,206,307,384,439,415]},{"marker":{"color":"#40aff9"},"mode":"lines","name":"Semi-marathon","type":"scatter","x":[1999,2000,2001,2002,2003,2004,2005,2006,2007,2008,2009,2010,2011,2012,2013,2014,2015,2016],"y":[0,0,0,0,2,3,9,0,4,15,26,56,74,138,171,246,262,271]},{"marker":{"color":"#f94040"},"mode":"lines","name":"Marathon","type":"scatter","x":[1999,2000,2001,2002,2003,2004,2005,2006,2007,2008,2009,2010,2011,2012,2013,2014,2015,2016],"y":[0,0,0,0,0,0,0,0,0,2,4,6,6,17,23,13,25,34]}],"layout":{"annotations":[{"showarrow":false,"text":"Age category: 26-30 years    Sex category: Female runners","xref":"paper","y":1.1,"yref":"paper"}],"bargap":null,"bargroupgap":null,"barmode":null,"boxmode":null,"height":null,"hovermode":null,"shapes":[],"title":"Evolution of number of participants over years for runnings of Lausanne Marathon","width":null,"xaxis":{"categoryarray":null,"categoryorder":null,"dtick":null,"mirror":"ticks","showgrid":true,"showline":true,"tickformat":null,"ticks":"inside","ticktext":[1999,2000,2001,2002,2003,2004,2005,2006,2007,2008,2009,2010,2011,2012,2013,2014,2015,2016],"tickvals":[1999,2000,2001,2002,2003,2004,2005,2006,2007,2008,2009,2010,2011,2012,2013,2014,2015,2016],"title":"Years","type":null,"zeroline":true,"zerolinewidth":2},"yaxis":{"categoryarray":null,"categoryorder":null,"dtick":null,"mirror":"ticks","showgrid":true,"showline":true,"tickformat":"f","ticks":"inside","ticktext":null,"tickvals":null,"title":null,"type":null,"zeroline":true,"zerolinewidth":2}}},"Male":{"data":[{"marker":{"color":"#f99740"},"mode":"lines","name":"10 km","type":"scatter","x":[1999,2000,2001,2002,2003,2004,2005,2006,2007,2008,2009,2010,2011,2012,2013,2014,2015,2016],"y":[1,3,8,19,35,66,84,0,12,35,82,93,152,158,248,308,330,313]},{"marker":{"color":"#40aff9"},"mode":"lines","name":"Semi-marathon","type":"scatter","x":[1999,2000,2001,2002,2003,2004,2005,2006,2007,2008,2009,2010,2011,2012,2013,2014,2015,2016],"y":[0,0,0,0,6,18,29,0,11,39,72,113,152,158,262,347,358,388]},{"marker":{"color":"#f94040"},"mode":"lines","name":"Marathon","type":"scatter","x":[1999,2000,2001,2002,2003,2004,2005,2006,2007,2008,2009,2010,2011,2012,2013,2014,2015,2016],"y":[0,0,0,0,0,0,2,0,3,4,19,28,33,45,67,65,107,87]}],"layout":{"annotations":[{"showarrow":false,"text":"Age category: 26-30 years    Sex category: Male runners","xref":"paper","y":1.1,"yref":"paper"}],"bargap":null,"bargroupgap":null,"barmode":null,"boxmode":null,"height":null,"hovermode":null,"shapes":[],"title":"Evolution of number of participants over years for runnings of Lausanne Marathon","width":null,"xaxis":{"categoryarray":null,"categoryorder":null,"dtick":null,"mirror":"ticks","showgrid":true,"showline":true,"tickformat":null,"ticks":"inside","ticktext":[1999,2000,2001,2002,2003,2004,2005,2006,2007,2008,2009,2010,2011,2012,2013,2014,2015,2016],"tickvals":[1999,2000,2001,2002,2003,2004,2005,2006,2007,2008,2009,2010,2011,2012,2013,2014,2015,2016],"title":"Years","type":null,"zeroline":true,"zerolinewidth":2},"yaxis":{"categoryarray":null,"categoryorder":null,"dtick":null,"mirror":"ticks","showgrid":true,"showline":true,"tickformat":"f","ticks":"inside","ticktext":null,"tickvals":null,"title":null,"type":null,"zeroline":true,"zerolinewidth":2}}}},"31-35 years":{"All":{"data":[{"marker":{"color":"#f99740"},"mode":"lines","name":"10 km","type":"scatter","x":[1999,2000,2001,2002,2003,2004,2005,2006,2007,2008,2009,2010,2011,2012,2013,2014,2015,2016],"y":[61,79,100,102,109,136,128,154,178,230,334,438,454,543,669,782,815,709]},{"marker":{"color":"#40aff9"},"mode":"lines","name":"Semi-marathon","type":"scatter","x":[1999,2000,2001,2002,2003,2004,2005,2006,2007,2008,2009,2010,2011,2012,2013,2014,2015,2016],"y":[14,20,25,39,80,120,123,154,174,244,339,388,513,587,692,675,689,631]},{"marker":{"color":"#f94040"},"mode":"lines","name":"Marathon","type":"scatter","x":[1999,2000,2001,2002,2003,2004,2005,2006,2007,2008,2009,2010,2011,2012,2013,2014,2015,2016],"y":[2,3,9,10,15,23,37,36,40,48,65,88,89,129,148,140,150,194]}],"layout":{"annotations":[{"showarrow":false,"text":"Age category: 31-35 years    Sex category: All runners","xref":"paper","y":1.1,"yref":"paper"}],"bargap":null,"bargroupgap":null,"barmode":null,"boxmode":null,"height":null,"hovermode":null,"shapes":[],"title":"Evolution of number of participants over years for runnings of Lausanne Marathon","width":null,"xaxis":{"categoryarray":null,"categoryorder":null,"dtick":null,"mirror":"ticks","showgrid":true,"showline":true,"tickformat":null,"ticks":"inside","ticktext":[1999,2000,2001,2002,2003,2004,2005,2006,2007,2008,2009,2010,2011,2012,2013,2014,2015,2016],"tickvals":[1999,2000,2001,2002,2003,2004,2005,2006,2007,2008,2009,2010,2011,2012,2013,2014,2015,2016],"title":"Years","type":null,"zeroline":true,"zerolinewidth":2},"yaxis":{"categoryarray":null,"categoryorder":null,"dtick":null,"mirror":"ticks","showgrid":true,"showline":true,"tickformat":"f","ticks":"inside","ticktext":null,"tickvals":null,"title":null,"type":null,"zeroline":true,"zerolinewidth":2}}},"Female":{"data":[{"marker":{"color":"#f99740"},"mode":"lines","name":"10 km","type":"scatter","x":[1999,2000,2001,2002,2003,2004,2005,2006,2007,2008,2009,2010,2011,2012,2013,2014,2015,2016],"y":[22,27,38,45,56,70,67,73,92,121,177,216,223,292,361,413,426,358]},{"marker":{"color":"#40aff9"},"mode":"lines","name":"Semi-marathon","type":"scatter","x":[1999,2000,2001,2002,2003,2004,2005,2006,2007,2008,2009,2010,2011,2012,2013,2014,2015,2016],"y":[2,6,2,7,23,32,36,68,68,89,135,139,188,209,283,223,236,215]},{"marker":{"color":"#f94040"},"mode":"lines","name":"Marathon","type":"scatter","x":[1999,2000,2001,2002,2003,2004,2005,2006,2007,2008,2009,2010,2011,2012,2013,2014,2015,2016],"y":[0,0,3,1,5,6,12,12,8,9,11,15,19,35,26,30,25,39]}],"layout":{"annotations":[{"showarrow":false,"text":"Age category: 31-35 years    Sex category: Female runners","xref":"paper","y":1.1,"yref":"paper"}],"bargap":null,"bargroupgap":null,"barmode":null,"boxmode":null,"height":null,"hovermode":null,"shapes":[],"title":"Evolution of number of participants over years for runnings of Lausanne Marathon","width":null,"xaxis":{"categoryarray":null,"categoryorder":null,"dtick":null,"mirror":"ticks","showgrid":true,"showline":true,"tickformat":null,"ticks":"inside","ticktext":[1999,2000,2001,2002,2003,2004,2005,2006,2007,2008,2009,2010,2011,2012,2013,2014,2015,2016],"tickvals":[1999,2000,2001,2002,2003,2004,2005,2006,2007,2008,2009,2010,2011,2012,2013,2014,2015,2016],"title":"Years","type":null,"zeroline":true,"zerolinewidth":2},"yaxis":{"categoryarray":null,"categoryorder":null,"dtick":null,"mirror":"ticks","showgrid":true,"showline":true,"tickformat":"f","ticks":"inside","ticktext":null,"tickvals":null,"title":null,"type":null,"zeroline":true,"zerolinewidth":2}}},"Male":{"data":[{"marker":{"color":"#f99740"},"mode":"lines","name":"10 km","type":"scatter","x":[1999,2000,2001,2002,2003,2004,2005,2006,2007,2008,2009,2010,2011,2012,2013,2014,2015,2016],"y":[39,52,62,57,53,66,61,81,86,109,157,222,231,251,308,369,389,351]},{"marker":{"color":"#40aff9"},"mode":"lines","name":"Semi-marathon","type":"scatter","x":[1999,2000,2001,2002,2003,2004,2005,2006,2007,2008,2009,2010,2011,2012,2013,2014,2015,2016],"y":[12,14,23,32,57,88,87,86,106,155,204,249,325,378,409,452,453,416]},{"marker":{"color":"#f94040"},"mode":"lines","name":"Marathon","type":"scatter","x":[1999,2000,2001,2002,2003,2004,2005,2006,2007,2008,2009,2010,2011,2012,2013,2014,2015,2016],"y":[2,3,6,9,10,17,25,24,32,39,54,73,70,94,122,110,125,155]}],"layout":{"annotations":[{"showarrow":false,"text":"Age category: 31-35 years    Sex category: Male runners","xref":"paper","y":1.1,"yref":"paper"}],"bargap":null,"bargroupgap":null,"barmode":null,"boxmode":null,"height":null,"hovermode":null,"shapes":[],"title":"Evolution of number of participants over years for runnings of Lausanne Marathon","width":null,"xaxis":{"categoryarray":null,"categoryorder":null,"dtick":null,"mirror":"ticks","showgrid":true,"showline":true,"tickformat":null,"ticks":"inside","ticktext":[1999,2000,2001,2002,2003,2004,2005,2006,2007,2008,2009,2010,2011,2012,2013,2014,2015,2016],"tickvals":[1999,2000,2001,2002,2003,2004,2005,2006,2007,2008,2009,2010,2011,2012,2013,2014,2015,2016],"title":"Years","type":null,"zeroline":true,"zerolinewidth":2},"yaxis":{"categoryarray":null,"categoryorder":null,"dtick":null,"mirror":"ticks","showgrid":true,"showline":true,"tickformat":"f","ticks":"inside","ticktext":null,"tickvals":null,"title":null,"type":null,"zeroline":true,"zerolinewidth":2}}}},"36-40 years":{"All":{"data":[{"marker":{"color":"#f99740"},"mode":"lines","name":"10 km","type":"scatter","x":[1999,2000,2001,2002,2003,2004,2005,2006,2007,2008,2009,2010,2011,2012,2013,2014,2015,2016],"y":[98,107,125,128,141,217,189,256,262,290,415,505,524,495,598,766,699,662]},{"marker":{"color":"#40aff9"},"mode":"lines","name":"Semi-marathon","type":"scatter","x":[1999,2000,2001,2002,2003,2004,2005,2006,2007,2008,2009,2010,2011,2012,2013,2014,2015,2016],"y":[52,66,99,92,179,233,324,333,395,406,513,505,590,633,738,655,617,636]},{"marker":{"color":"#f94040"},"mode":"lines","name":"Marathon","type":"scatter","x":[1999,2000,2001,2002,2003,2004,2005,2006,2007,2008,2009,2010,2011,2012,2013,2014,2015,2016],"y":[29,34,70,64,70,75,100,122,127,98,153,139,140,165,175,142,182,179]}],"layout":{"annotations":[{"showarrow":false,"text":"Age category: 36-40 years    Sex category: All runners","xref":"paper","y":1.1,"yref":"paper"}],"bargap":null,"bargroupgap":null,"barmode":null,"boxmode":null,"height":null,"hovermode":null,"shapes":[],"title":"Evolution of number of participants over years for runnings of Lausanne Marathon","width":null,"xaxis":{"categoryarray":null,"categoryorder":null,"dtick":null,"mirror":"ticks","showgrid":true,"showline":true,"tickformat":null,"ticks":"inside","ticktext":[1999,2000,2001,2002,2003,2004,2005,2006,2007,2008,2009,2010,2011,2012,2013,2014,2015,2016],"tickvals":[1999,2000,2001,2002,2003,2004,2005,2006,2007,2008,2009,2010,2011,2012,2013,2014,2015,2016],"title":"Years","type":null,"zeroline":true,"zerolinewidth":2},"yaxis":{"categoryarray":null,"categoryorder":null,"dtick":null,"mirror":"ticks","showgrid":true,"showline":true,"tickformat":"f","ticks":"inside","ticktext":null,"tickvals":null,"title":null,"type":null,"zeroline":true,"zerolinewidth":2}}},"Female":{"data":[{"marker":{"color":"#f99740"},"mode":"lines","name":"10 km","type":"scatter","x":[1999,2000,2001,2002,2003,2004,2005,2006,2007,2008,2009,2010,2011,2012,2013,2014,2015,2016],"y":[48,45,55,67,72,109,103,140,128,137,210,243,260,241,296,363,335,329]},{"marker":{"color":"#40aff9"},"mode":"lines","name":"Semi-marathon","type":"scatter","x":[1999,2000,2001,2002,2003,2004,2005,2006,2007,2008,2009,2010,2011,2012,2013,2014,2015,2016],"y":[14,21,27,27,55,69,109,122,133,125,162,149,186,210,230,215,225,212]},{"marker":{"color":"#f94040"},"mode":"lines","name":"Marathon","type":"scatter","x":[1999,2000,2001,2002,2003,2004,2005,2006,2007,2008,2009,2010,2011,2012,2013,2014,2015,2016],"y":[3,5,21,13,11,17,35,27,26,21,28,14,22,28,25,23,33,27]}],"layout":{"annotations":[{"showarrow":false,"text":"Age category: 36-40 years    Sex category: Female runners","xref":"paper","y":1.1,"yref":"paper"}],"bargap":null,"bargroupgap":null,"barmode":null,"boxmode":null,"height":null,"hovermode":null,"shapes":[],"title":"Evolution of number of participants over years for runnings of Lausanne Marathon","width":null,"xaxis":{"categoryarray":null,"categoryorder":null,"dtick":null,"mirror":"ticks","showgrid":true,"showline":true,"tickformat":null,"ticks":"inside","ticktext":[1999,2000,2001,2002,2003,2004,2005,2006,2007,2008,2009,2010,2011,2012,2013,2014,2015,2016],"tickvals":[1999,2000,2001,2002,2003,2004,2005,2006,2007,2008,2009,2010,2011,2012,2013,2014,2015,2016],"title":"Years","type":null,"zeroline":true,"zerolinewidth":2},"yaxis":{"categoryarray":null,"categoryorder":null,"dtick":null,"mirror":"ticks","showgrid":true,"showline":true,"tickformat":"f","ticks":"inside","ticktext":null,"tickvals":null,"title":null,"type":null,"zeroline":true,"zerolinewidth":2}}},"Male":{"data":[{"marker":{"color":"#f99740"},"mode":"lines","name":"10 km","type":"scatter","x":[1999,2000,2001,2002,2003,2004,2005,2006,2007,2008,2009,2010,2011,2012,2013,2014,2015,2016],"y":[50,62,70,61,69,108,86,116,134,153,205,262,264,254,302,403,364,333]},{"marker":{"color":"#40aff9"},"mode":"lines","name":"Semi-marathon","type":"scatter","x":[1999,2000,2001,2002,2003,2004,2005,2006,2007,2008,2009,2010,2011,2012,2013,2014,2015,2016],"y":[38,45,72,65,124,164,215,211,262,281,351,356,404,423,508,440,392,424]},{"marker":{"color":"#f94040"},"mode":"lines","name":"Marathon","type":"scatter","x":[1999,2000,2001,2002,2003,2004,2005,2006,2007,2008,2009,2010,2011,2012,2013,2014,2015,2016],"y":[26,29,49,51,59,58,65,95,101,77,125,125,118,137,150,119,149,152]}],"layout":{"annotations":[{"showarrow":false,"text":"Age category: 36-40 years    Sex category: Male runners","xref":"paper","y":1.1,"yref":"paper"}],"bargap":null,"bargroupgap":null,"barmode":null,"boxmode":null,"height":null,"hovermode":null,"shapes":[],"title":"Evolution of number of participants over years for runnings of Lausanne Marathon","width":null,"xaxis":{"categoryarray":null,"categoryorder":null,"dtick":null,"mirror":"ticks","showgrid":true,"showline":true,"tickformat":null,"ticks":"inside","ticktext":[1999,2000,2001,2002,2003,2004,2005,2006,2007,2008,2009,2010,2011,2012,2013,2014,2015,2016],"tickvals":[1999,2000,2001,2002,2003,2004,2005,2006,2007,2008,2009,2010,2011,2012,2013,2014,2015,2016],"title":"Years","type":null,"zeroline":true,"zerolinewidth":2},"yaxis":{"categoryarray":null,"categoryorder":null,"dtick":null,"mirror":"ticks","showgrid":true,"showline":true,"tickformat":"f","ticks":"inside","ticktext":null,"tickvals":null,"title":null,"type":null,"zeroline":true,"zerolinewidth":2}}}},"41-45 years":{"All":{"data":[{"marker":{"color":"#f99740"},"mode":"lines","name":"10 km","type":"scatter","x":[1999,2000,2001,2002,2003,2004,2005,2006,2007,2008,2009,2010,2011,2012,2013,2014,2015,2016],"y":[136,169,204,197,228,285,270,311,324,348,429,457,476,446,512,613,607,588]},{"marker":{"color":"#40aff9"},"mode":"lines","name":"Semi-marathon","type":"scatter","x":[1999,2000,2001,2002,2003,2004,2005,2006,2007,2008,2009,2010,2011,2012,2013,2014,2015,2016],"y":[136,212,272,285,374,444,517,505,487,478,564,633,671,616,687,721,622,579]},{"marker":{"color":"#f94040"},"mode":"lines","name":"Marathon","type":"scatter","x":[1999,2000,2001,2002,2003,2004,2005,2006,2007,2008,2009,2010,2011,2012,2013,2014,2015,2016],"y":[90,135,210,147,174,207,183,214,178,159,199,201,222,196,230,215,219,257]}],"layout":{"annotations":[{"showarrow":false,"text":"Age category: 41-45 years    Sex category: All runners","xref":"paper","y":1.1,"yref":"paper"}],"bargap":null,"bargroupgap":null,"barmode":null,"boxmode":null,"height":null,"hovermode":null,"shapes":[],"title":"Evolution of number of participants over years for runnings of Lausanne Marathon","width":null,"xaxis":{"categoryarray":null,"categoryorder":null,"dtick":null,"mirror":"ticks","showgrid":true,"showline":true,"tickformat":null,"ticks":"inside","ticktext":[1999,2000,2001,2002,2003,2004,2005,2006,2007,2008,2009,2010,2011,2012,2013,2014,2015,2016],"tickvals":[1999,2000,2001,2002,2003,2004,2005,2006,2007,2008,2009,2010,2011,2012,2013,2014,2015,2016],"title":"Years","type":null,"zeroline":true,"zerolinewidth":2},"yaxis":{"categoryarray":null,"categoryorder":null,"dtick":null,"mirror":"ticks","showgrid":true,"showline":true,"tickformat":"f","ticks":"inside","ticktext":null,"tickvals":null,"title":null,"type":null,"zeroline":true,"zerolinewidth":2}}},"Female":{"data":[{"marker":{"color":"#f99740"},"mode":"lines","name":"10 km","type":"scatter","x":[1999,2000,2001,2002,2003,2004,2005,2006,2007,2008,2009,2010,2011,2012,2013,2014,2015,2016],"y":[58,77,81,89,104,133,139,147,145,152,178,186,211,205,255,291,302,298]},{"marker":{"color":"#40aff9"},"mode":"lines","name":"Semi-marathon","type":"scatter","x":[1999,2000,2001,2002,2003,2004,2005,2006,2007,2008,2009,2010,2011,2012,2013,2014,2015,2016],"y":[47,64,91,88,109,126,173,165,142,141,170,175,208,200,213,223,197,186]},{"marker":{"color":"#f94040"},"mode":"lines","name":"Marathon","type":"scatter","x":[1999,2000,2001,2002,2003,2004,2005,2006,2007,2008,2009,2010,2011,2012,2013,2014,2015,2016],"y":[12,20,58,34,30,27,47,40,25,28,28,21,32,39,34,39,39,37]}],"layout":{"annotations":[{"showarrow":false,"text":"Age category: 41-45 years    Sex category: Female runners","xref":"paper","y":1.1,"yref":"paper"}],"bargap":null,"bargroupgap":null,"barmode":null,"boxmode":null,"height":null,"hovermode":null,"shapes":[],"title":"Evolution of number of participants over years for runnings of Lausanne Marathon","width":null,"xaxis":{"categoryarray":null,"categoryorder":null,"dtick":null,"mirror":"ticks","showgrid":true,"showline":true,"tickformat":null,"ticks":"inside","ticktext":[1999,2000,2001,2002,2003,2004,2005,2006,2007,2008,2009,2010,2011,2012,2013,2014,2015,2016],"tickvals":[1999,2000,2001,2002,2003,2004,2005,2006,2007,2008,2009,2010,2011,2012,2013,2014,2015,2016],"title":"Years","type":null,"zeroline":true,"zerolinewidth":2},"yaxis":{"categoryarray":null,"categoryorder":null,"dtick":null,"mirror":"ticks","showgrid":true,"showline":true,"tickformat":"f","ticks":"inside","ticktext":null,"tickvals":null,"title":null,"type":null,"zeroline":true,"zerolinewidth":2}}},"Male":{"data":[{"marker":{"color":"#f99740"},"mode":"lines","name":"10 km","type":"scatter","x":[1999,2000,2001,2002,2003,2004,2005,2006,2007,2008,2009,2010,2011,2012,2013,2014,2015,2016],"y":[78,92,123,108,124,152,131,164,179,196,251,271,265,241,257,322,305,290]},{"marker":{"color":"#40aff9"},"mode":"lines","name":"Semi-marathon","type":"scatter","x":[1999,2000,2001,2002,2003,2004,2005,2006,2007,2008,2009,2010,2011,2012,2013,2014,2015,2016],"y":[89,148,181,197,265,318,344,340,345,337,394,458,463,416,474,498,425,393]},{"marker":{"color":"#f94040"},"mode":"lines","name":"Marathon","type":"scatter","x":[1999,2000,2001,2002,2003,2004,2005,2006,2007,2008,2009,2010,2011,2012,2013,2014,2015,2016],"y":[78,115,152,113,144,180,136,174,153,131,171,180,190,157,196,176,180,220]}],"layout":{"annotations":[{"showarrow":false,"text":"Age category: 41-45 years    Sex category: Male runners","xref":"paper","y":1.1,"yref":"paper"}],"bargap":null,"bargroupgap":null,"barmode":null,"boxmode":null,"height":null,"hovermode":null,"shapes":[],"title":"Evolution of number of participants over years for runnings of Lausanne Marathon","width":null,"xaxis":{"categoryarray":null,"categoryorder":null,"dtick":null,"mirror":"ticks","showgrid":true,"showline":true,"tickformat":null,"ticks":"inside","ticktext":[1999,2000,2001,2002,2003,2004,2005,2006,2007,2008,2009,2010,2011,2012,2013,2014,2015,2016],"tickvals":[1999,2000,2001,2002,2003,2004,2005,2006,2007,2008,2009,2010,2011,2012,2013,2014,2015,2016],"title":"Years","type":null,"zeroline":true,"zerolinewidth":2},"yaxis":{"categoryarray":null,"categoryorder":null,"dtick":null,"mirror":"ticks","showgrid":true,"showline":true,"tickformat":"f","ticks":"inside","ticktext":null,"tickvals":null,"title":null,"type":null,"zeroline":true,"zerolinewidth":2}}}},"46-50 years":{"All":{"data":[{"marker":{"color":"#f99740"},"mode":"lines","name":"10 km","type":"scatter","x":[1999,2000,2001,2002,2003,2004,2005,2006,2007,2008,2009,2010,2011,2012,2013,2014,2015,2016],"y":[189,205,237,224,252,326,308,371,374,374,422,438,458,428,520,555,555,481]},{"marker":{"color":"#40aff9"},"mode":"lines","name":"Semi-marathon","type":"scatter","x":[1999,2000,2001,2002,2003,2004,2005,2006,2007,2008,2009,2010,2011,2012,2013,2014,2015,2016],"y":[224,282,358,365,381,504,519,563,537,554,649,651,702,604,633,589,579,535]},{"marker":{"color":"#f94040"},"mode":"lines","name":"Marathon","type":"scatter","x":[1999,2000,2001,2002,2003,2004,2005,2006,2007,2008,2009,2010,2011,2012,2013,2014,2015,2016],"y":[192,244,314,300,279,289,283,254,236,219,270,251,256,237,236,168,175,194]}],"layout":{"annotations":[{"showarrow":false,"text":"Age category: 46-50 years    Sex category: All runners","xref":"paper","y":1.1,"yref":"paper"}],"bargap":null,"bargroupgap":null,"barmode":null,"boxmode":null,"height":null,"hovermode":null,"shapes":[],"title":"Evolution of number of participants over years for runnings of Lausanne Marathon","width":null,"xaxis":{"categoryarray":null,"categoryorder":null,"dtick":null,"mirror":"ticks","showgrid":true,"showline":true,"tickformat":null,"ticks":"inside","ticktext":[1999,2000,2001,2002,2003,2004,2005,2006,2007,2008,2009,2010,2011,2012,2013,2014,2015,2016],"tickvals":[1999,2000,2001,2002,2003,2004,2005,2006,2007,2008,2009,2010,2011,2012,2013,2014,2015,2016],"title":"Years","type":null,"zeroline":true,"zerolinewidth":2},"yaxis":{"categoryarray":null,"categoryorder":null,"dtick":null,"mirror":"ticks","showgrid":true,"showline":true,"tickformat":"f","ticks":"inside","ticktext":null,"tickvals":null,"title":null,"type":null,"zeroline":true,"zerolinewidth":2}}},"Female":{"data":[{"marker":{"color":"#f99740"},"mode":"lines","name":"10 km","type":"scatter","x":[1999,2000,2001,2002,2003,2004,2005,2006,2007,2008,2009,2010,2011,2012,2013,2014,2015,2016],"y":[66,94,98,88,112,143,143,164,175,165,208,189,200,185,231,269,247,197]},{"marker":{"color":"#40aff9"},"mode":"lines","name":"Semi-marathon","type":"scatter","x":[1999,2000,2001,2002,2003,2004,2005,2006,2007,2008,2009,2010,2011,2012,2013,2014,2015,2016],"y":[63,81,84,100,112,142,145,147,162,182,192,195,205,177,223,187,197,184]},{"marker":{"color":"#f94040"},"mode":"lines","name":"Marathon","type":"scatter","x":[1999,2000,2001,2002,2003,2004,2005,2006,2007,2008,2009,2010,2011,2012,2013,2014,2015,2016],"y":[33,34,60,46,51,43,50,47,38,29,45,35,45,37,35,26,25,34]}],"layout":{"annotations":[{"showarrow":false,"text":"Age category: 46-50 years    Sex category: Female runners","xref":"paper","y":1.1,"yref":"paper"}],"bargap":null,"bargroupgap":null,"barmode":null,"boxmode":null,"height":null,"hovermode":null,"shapes":[],"title":"Evolution of number of participants over years for runnings of Lausanne Marathon","width":null,"xaxis":{"categoryarray":null,"categoryorder":null,"dtick":null,"mirror":"ticks","showgrid":true,"showline":true,"tickformat":null,"ticks":"inside","ticktext":[1999,2000,2001,2002,2003,2004,2005,2006,2007,2008,2009,2010,2011,2012,2013,2014,2015,2016],"tickvals":[1999,2000,2001,2002,2003,2004,2005,2006,2007,2008,2009,2010,2011,2012,2013,2014,2015,2016],"title":"Years","type":null,"zeroline":true,"zerolinewidth":2},"yaxis":{"categoryarray":null,"categoryorder":null,"dtick":null,"mirror":"ticks","showgrid":true,"showline":true,"tickformat":"f","ticks":"inside","ticktext":null,"tickvals":null,"title":null,"type":null,"zeroline":true,"zerolinewidth":2}}},"Male":{"data":[{"marker":{"color":"#f99740"},"mode":"lines","name":"10 km","type":"scatter","x":[1999,2000,2001,2002,2003,2004,2005,2006,2007,2008,2009,2010,2011,2012,2013,2014,2015,2016],"y":[123,111,139,136,140,183,165,207,199,209,214,249,258,243,289,286,308,284]},{"marker":{"color":"#40aff9"},"mode":"lines","name":"Semi-marathon","type":"scatter","x":[1999,2000,2001,2002,2003,2004,2005,2006,2007,2008,2009,2010,2011,2012,2013,2014,2015,2016],"y":[161,201,274,265,269,362,374,416,375,372,457,456,497,427,410,402,382,351]},{"marker":{"color":"#f94040"},"mode":"lines","name":"Marathon","type":"scatter","x":[1999,2000,2001,2002,2003,2004,2005,2006,2007,2008,2009,2010,2011,2012,2013,2014,2015,2016],"y":[159,210,254,254,228,246,233,207,198,190,225,216,211,200,201,142,150,160]}],"layout":{"annotations":[{"showarrow":false,"text":"Age category: 46-50 years    Sex category: Male runners","xref":"paper","y":1.1,"yref":"paper"}],"bargap":null,"bargroupgap":null,"barmode":null,"boxmode":null,"height":null,"hovermode":null,"shapes":[],"title":"Evolution of number of participants over years for runnings of Lausanne Marathon","width":null,"xaxis":{"categoryarray":null,"categoryorder":null,"dtick":null,"mirror":"ticks","showgrid":true,"showline":true,"tickformat":null,"ticks":"inside","ticktext":[1999,2000,2001,2002,2003,2004,2005,2006,2007,2008,2009,2010,2011,2012,2013,2014,2015,2016],"tickvals":[1999,2000,2001,2002,2003,2004,2005,2006,2007,2008,2009,2010,2011,2012,2013,2014,2015,2016],"title":"Years","type":null,"zeroline":true,"zerolinewidth":2},"yaxis":{"categoryarray":null,"categoryorder":null,"dtick":null,"mirror":"ticks","showgrid":true,"showline":true,"tickformat":"f","ticks":"inside","ticktext":null,"tickvals":null,"title":null,"type":null,"zeroline":true,"zerolinewidth":2}}}},"51-55 years":{"All":{"data":[{"marker":{"color":"#f99740"},"mode":"lines","name":"10 km","type":"scatter","x":[1999,2000,2001,2002,2003,2004,2005,2006,2007,2008,2009,2010,2011,2012,2013,2014,2015,2016],"y":[239,240,257,268,276,318,311,343,343,319,381,400,386,382,394,415,390,449]},{"marker":{"color":"#40aff9"},"mode":"lines","name":"Semi-marathon","type":"scatter","x":[1999,2000,2001,2002,2003,2004,2005,2006,2007,2008,2009,2010,2011,2012,2013,2014,2015,2016],"y":[302,380,362,387,481,530,582,553,542,500,552,592,520,478,499,434,406,382]},{"marker":{"color":"#f94040"},"mode":"lines","name":"Marathon","type":"scatter","x":[1999,2000,2001,2002,2003,2004,2005,2006,2007,2008,2009,2010,2011,2012,2013,2014,2015,2016],"y":[255,331,386,357,343,391,395,370,314,232,231,256,239,188,203,183,146,137]}],"layout":{"annotations":[{"showarrow":false,"text":"Age category: 51-55 years    Sex category: All runners","xref":"paper","y":1.1,"yref":"paper"}],"bargap":null,"bargroupgap":null,"barmode":null,"boxmode":null,"height":null,"hovermode":null,"shapes":[],"title":"Evolution of number of participants over years for runnings of Lausanne Marathon","width":null,"xaxis":{"categoryarray":null,"categoryorder":null,"dtick":null,"mirror":"ticks","showgrid":true,"showline":true,"tickformat":null,"ticks":"inside","ticktext":[1999,2000,2001,2002,2003,2004,2005,2006,2007,2008,2009,2010,2011,2012,2013,2014,2015,2016],"tickvals":[1999,2000,2001,2002,2003,2004,2005,2006,2007,2008,2009,2010,2011,2012,2013,2014,2015,2016],"title":"Years","type":null,"zeroline":true,"zerolinewidth":2},"yaxis":{"categoryarray":null,"categoryorder":null,"dtick":null,"mirror":"ticks","showgrid":true,"showline":true,"tickformat":"f","ticks":"inside","ticktext":null,"tickvals":null,"title":null,"type":null,"zeroline":true,"zerolinewidth":2}}},"Female":{"data":[{"marker":{"color":"#f99740"},"mode":"lines","name":"10 km","type":"scatter","x":[1999,2000,2001,2002,2003,2004,2005,2006,2007,2008,2009,2010,2011,2012,2013,2014,2015,2016],"y":[99,101,98,99,123,135,132,146,154,135,146,157,169,156,176,182,168,189]},{"marker":{"color":"#40aff9"},"mode":"lines","name":"Semi-marathon","type":"scatter","x":[1999,2000,2001,2002,2003,2004,2005,2006,2007,2008,2009,2010,2011,2012,2013,2014,2015,2016],"y":[74,100,106,110,126,148,183,153,173,143,167,158,151,139,137,133,114,101]},{"marker":{"color":"#f94040"},"mode":"lines","name":"Marathon","type":"scatter","x":[1999,2000,2001,2002,2003,2004,2005,2006,2007,2008,2009,2010,2011,2012,2013,2014,2015,2016],"y":[30,47,80,62,50,65,74,77,41,31,39,33,61,30,39,26,24,15]}],"layout":{"annotations":[{"showarrow":false,"text":"Age category: 51-55 years    Sex category: Female runners","xref":"paper","y":1.1,"yref":"paper"}],"bargap":null,"bargroupgap":null,"barmode":null,"boxmode":null,"height":null,"hovermode":null,"shapes":[],"title":"Evolution of number of participants over years for runnings of Lausanne Marathon","width":null,"xaxis":{"categoryarray":null,"categoryorder":null,"dtick":null,"mirror":"ticks","showgrid":true,"showline":true,"tickformat":null,"ticks":"inside","ticktext":[1999,2000,2001,2002,2003,2004,2005,2006,2007,2008,2009,2010,2011,2012,2013,2014,2015,2016],"tickvals":[1999,2000,2001,2002,2003,2004,2005,2006,2007,2008,2009,2010,2011,2012,2013,2014,2015,2016],"title":"Years","type":null,"zeroline":true,"zerolinewidth":2},"yaxis":{"categoryarray":null,"categoryorder":null,"dtick":null,"mirror":"ticks","showgrid":true,"showline":true,"tickformat":"f","ticks":"inside","ticktext":null,"tickvals":null,"title":null,"type":null,"zeroline":true,"zerolinewidth":2}}},"Male":{"data":[{"marker":{"color":"#f99740"},"mode":"lines","name":"10 km","type":"scatter","x":[1999,2000,2001,2002,2003,2004,2005,2006,2007,2008,2009,2010,2011,2012,2013,2014,2015,2016],"y":[140,139,159,169,153,183,179,197,189,184,235,243,217,226,218,233,222,260]},{"marker":{"color":"#40aff9"},"mode":"lines","name":"Semi-marathon","type":"scatter","x":[1999,2000,2001,2002,2003,2004,2005,2006,2007,2008,2009,2010,2011,2012,2013,2014,2015,2016],"y":[228,280,256,277,355,382,399,400,369,357,385,434,369,339,362,301,292,281]},{"marker":{"color":"#f94040"},"mode":"lines","name":"Marathon","type":"scatter","x":[1999,2000,2001,2002,2003,2004,2005,2006,2007,2008,2009,2010,2011,2012,2013,2014,2015,2016],"y":[225,284,306,295,293,326,321,293,273,201,192,223,178,158,164,157,122,122]}],"layout":{"annotations":[{"showarrow":false,"text":"Age category: 51-55 years    Sex category: Male runners","xref":"paper","y":1.1,"yref":"paper"}],"bargap":null,"bargroupgap":null,"barmode":null,"boxmode":null,"height":null,"hovermode":null,"shapes":[],"title":"Evolution of number of participants over years for runnings of Lausanne Marathon","width":null,"xaxis":{"categoryarray":null,"categoryorder":null,"dtick":null,"mirror":"ticks","showgrid":true,"showline":true,"tickformat":null,"ticks":"inside","ticktext":[1999,2000,2001,2002,2003,2004,2005,2006,2007,2008,2009,2010,2011,2012,2013,2014,2015,2016],"tickvals":[1999,2000,2001,2002,2003,2004,2005,2006,2007,2008,2009,2010,2011,2012,2013,2014,2015,2016],"title":"Years","type":null,"zeroline":true,"zerolinewidth":2},"yaxis":{"categoryarray":null,"categoryorder":null,"dtick":null,"mirror":"ticks","showgrid":true,"showline":true,"tickformat":"f","ticks":"inside","ticktext":null,"tickvals":null,"title":null,"type":null,"zeroline":true,"zerolinewidth":2}}}},"56-60 years":{"All":{"data":[{"marker":{"color":"#f99740"},"mode":"lines","name":"10 km","type":"scatter","x":[1999,2000,2001,2002,2003,2004,2005,2006,2007,2008,2009,2010,2011,2012,2013,2014,2015,2016],"y":[204,179,181,164,204,228,248,241,242,241,230,243,246,230,237,243,245,245]},{"marker":{"color":"#40aff9"},"mode":"lines","name":"Semi-marathon","type":"scatter","x":[1999,2000,2001,2002,2003,2004,2005,2006,2007,2008,2009,2010,2011,2012,2013,2014,2015,2016],"y":[327,335,323,339,362,441,428,402,393,432,377,393,350,272,311,262,239,228]},{"marker":{"color":"#f94040"},"mode":"lines","name":"Marathon","type":"scatter","x":[1999,2000,2001,2002,2003,2004,2005,2006,2007,2008,2009,2010,2011,2012,2013,2014,2015,2016],"y":[277,360,358,314,305,303,338,269,198,157,152,182,123,122,127,106,89,103]}],"layout":{"annotations":[{"showarrow":false,"text":"Age category: 56-60 years    Sex category: All runners","xref":"paper","y":1.1,"yref":"paper"}],"bargap":null,"bargroupgap":null,"barmode":null,"boxmode":null,"height":null,"hovermode":null,"shapes":[],"title":"Evolution of number of participants over years for runnings of Lausanne Marathon","width":null,"xaxis":{"categoryarray":null,"categoryorder":null,"dtick":null,"mirror":"ticks","showgrid":true,"showline":true,"tickformat":null,"ticks":"inside","ticktext":[1999,2000,2001,2002,2003,2004,2005,2006,2007,2008,2009,2010,2011,2012,2013,2014,2015,2016],"tickvals":[1999,2000,2001,2002,2003,2004,2005,2006,2007,2008,2009,2010,2011,2012,2013,2014,2015,2016],"title":"Years","type":null,"zeroline":true,"zerolinewidth":2},"yaxis":{"categoryarray":null,"categoryorder":null,"dtick":null,"mirror":"ticks","showgrid":true,"showline":true,"tickformat":"f","ticks":"inside","ticktext":null,"tickvals":null,"title":null,"type":null,"zeroline":true,"zerolinewidth":2}}},"Female":{"data":[{"marker":{"color":"#f99740"},"mode":"lines","name":"10 km","type":"scatter","x":[1999,2000,2001,2002,2003,2004,2005,2006,2007,2008,2009,2010,2011,2012,2013,2014,2015,2016],"y":[87,62,76,66,90,90,90,90,88,84,69,81,75,74,88,86,97,91]},{"marker":{"color":"#40aff9"},"mode":"lines","name":"Semi-marathon","type":"scatter","x":[1999,2000,2001,2002,2003,2004,2005,2006,2007,2008,2009,2010,2011,2012,2013,2014,2015,2016],"y":[75,78,80,96,85,141,137,112,105,108,111,109,90,71,80,57,54,58]},{"marker":{"color":"#f94040"},"mode":"lines","name":"Marathon","type":"scatter","x":[1999,2000,2001,2002,2003,2004,2005,2006,2007,2008,2009,2010,2011,2012,2013,2014,2015,2016],"y":[34,65,60,54,52,48,63,46,28,26,22,31,20,23,30,20,10,12]}],"layout":{"annotations":[{"showarrow":false,"text":"Age category: 56-60 years    Sex category: Female runners","xref":"paper","y":1.1,"yref":"paper"}],"bargap":null,"bargroupgap":null,"barmode":null,"boxmode":null,"height":null,"hovermode":null,"shapes":[],"title":"Evolution of number of participants over years for runnings of Lausanne Marathon","width":null,"xaxis":{"categoryarray":null,"categoryorder":null,"dtick":null,"mirror":"ticks","showgrid":true,"showline":true,"tickformat":null,"ticks":"inside","ticktext":[1999,2000,2001,2002,2003,2004,2005,2006,2007,2008,2009,2010,2011,2012,2013,2014,2015,2016],"tickvals":[1999,2000,2001,2002,2003,2004,2005,2006,2007,2008,2009,2010,2011,2012,2013,2014,2015,2016],"title":"Years","type":null,"zeroline":true,"zerolinewidth":2},"yaxis":{"categoryarray":null,"categoryorder":null,"dtick":null,"mirror":"ticks","showgrid":true,"showline":true,"tickformat":"f","ticks":"inside","ticktext":null,"tickvals":null,"title":null,"type":null,"zeroline":true,"zerolinewidth":2}}},"Male":{"data":[{"marker":{"color":"#f99740"},"mode":"lines","name":"10 km","type":"scatter","x":[1999,2000,2001,2002,2003,2004,2005,2006,2007,2008,2009,2010,2011,2012,2013,2014,2015,2016],"y":[117,117,105,98,114,138,158,151,154,157,161,162,171,156,149,157,148,154]},{"marker":{"color":"#40aff9"},"mode":"lines","name":"Semi-marathon","type":"scatter","x":[1999,2000,2001,2002,2003,2004,2005,2006,2007,2008,2009,2010,2011,2012,2013,2014,2015,2016],"y":[252,257,243,243,277,300,291,290,288,324,266,284,260,201,231,205,185,170]},{"marker":{"color":"#f94040"},"mode":"lines","name":"Marathon","type":"scatter","x":[1999,2000,2001,2002,2003,2004,2005,2006,2007,2008,2009,2010,2011,2012,2013,2014,2015,2016],"y":[243,295,298,260,253,255,275,223,170,131,130,151,103,99,97,86,79,91]}],"layout":{"annotations":[{"showarrow":false,"text":"Age category: 56-60 years    Sex category: Male runners","xref":"paper","y":1.1,"yref":"paper"}],"bargap":null,"bargroupgap":null,"barmode":null,"boxmode":null,"height":null,"hovermode":null,"shapes":[],"title":"Evolution of number of participants over years for runnings of Lausanne Marathon","width":null,"xaxis":{"categoryarray":null,"categoryorder":null,"dtick":null,"mirror":"ticks","showgrid":true,"showline":true,"tickformat":null,"ticks":"inside","ticktext":[1999,2000,2001,2002,2003,2004,2005,2006,2007,2008,2009,2010,2011,2012,2013,2014,2015,2016],"tickvals":[1999,2000,2001,2002,2003,2004,2005,2006,2007,2008,2009,2010,2011,2012,2013,2014,2015,2016],"title":"Years","type":null,"zeroline":true,"zerolinewidth":2},"yaxis":{"categoryarray":null,"categoryorder":null,"dtick":null,"mirror":"ticks","showgrid":true,"showline":true,"tickformat":"f","ticks":"inside","ticktext":null,"tickvals":null,"title":null,"type":null,"zeroline":true,"zerolinewidth":2}}}},"61-65 years":{"All":{"data":[{"marker":{"color":"#f99740"},"mode":"lines","name":"10 km","type":"scatter","x":[1999,2000,2001,2002,2003,2004,2005,2006,2007,2008,2009,2010,2011,2012,2013,2014,2015,2016],"y":[148,125,128,138,158,166,162,175,170,136,166,150,132,120,128,124,113,125]},{"marker":{"color":"#40aff9"},"mode":"lines","name":"Semi-marathon","type":"scatter","x":[1999,2000,2001,2002,2003,2004,2005,2006,2007,2008,2009,2010,2011,2012,2013,2014,2015,2016],"y":[227,232,242,211,255,271,289,245,222,176,190,186,164,127,157,133,110,88]},{"marker":{"color":"#f94040"},"mode":"lines","name":"Marathon","type":"scatter","x":[1999,2000,2001,2002,2003,2004,2005,2006,2007,2008,2009,2010,2011,2012,2013,2014,2015,2016],"y":[200,242,239,213,222,199,203,178,134,113,91,88,80,61,59,51,45,42]}],"layout":{"annotations":[{"showarrow":false,"text":"Age category: 61-65 years    Sex category: All runners","xref":"paper","y":1.1,"yref":"paper"}],"bargap":null,"bargroupgap":null,"barmode":null,"boxmode":null,"height":null,"hovermode":null,"shapes":[],"title":"Evolution of number of participants over years for runnings of Lausanne Marathon","width":null,"xaxis":{"categoryarray":null,"categoryorder":null,"dtick":null,"mirror":"ticks","showgrid":true,"showline":true,"tickformat":null,"ticks":"inside","ticktext":[1999,2000,2001,2002,2003,2004,2005,2006,2007,2008,2009,2010,2011,2012,2013,2014,2015,2016],"tickvals":[1999,2000,2001,2002,2003,2004,2005,2006,2007,2008,2009,2010,2011,2012,2013,2014,2015,2016],"title":"Years","type":null,"zeroline":true,"zerolinewidth":2},"yaxis":{"categoryarray":null,"categoryorder":null,"dtick":null,"mirror":"ticks","showgrid":true,"showline":true,"tickformat":"f","ticks":"inside","ticktext":null,"tickvals":null,"title":null,"type":null,"zeroline":true,"zerolinewidth":2}}},"Female":{"data":[{"marker":{"color":"#f99740"},"mode":"lines","name":"10 km","type":"scatter","x":[1999,2000,2001,2002,2003,2004,2005,2006,2007,2008,2009,2010,2011,2012,2013,2014,2015,2016],"y":[46,40,46,52,62,52,57,43,65,47,54,45,37,37,47,43,35,40]},{"marker":{"color":"#40aff9"},"mode":"lines","name":"Semi-marathon","type":"scatter","x":[1999,2000,2001,2002,2003,2004,2005,2006,2007,2008,2009,2010,2011,2012,2013,2014,2015,2016],"y":[54,50,63,64,64,65,70,49,47,44,49,51,38,37,39,28,24,19]},{"marker":{"color":"#f94040"},"mode":"lines","name":"Marathon","type":"scatter","x":[1999,2000,2001,2002,2003,2004,2005,2006,2007,2008,2009,2010,2011,2012,2013,2014,2015,2016],"y":[20,30,54,37,45,22,29,30,23,12,15,14,15,10,9,7,8,6]}],"layout":{"annotations":[{"showarrow":false,"text":"Age category: 61-65 years    Sex category: Female runners","xref":"paper","y":1.1,"yref":"paper"}],"bargap":null,"bargroupgap":null,"barmode":null,"boxmode":null,"height":null,"hovermode":null,"shapes":[],"title":"Evolution of number of participants over years for runnings of Lausanne Marathon","width":null,"xaxis":{"categoryarray":null,"categoryorder":null,"dtick":null,"mirror":"ticks","showgrid":true,"showline":true,"tickformat":null,"ticks":"inside","ticktext":[1999,2000,2001,2002,2003,2004,2005,2006,2007,2008,2009,2010,2011,2012,2013,2014,2015,2016],"tickvals":[1999,2000,2001,2002,2003,2004,2005,2006,2007,2008,2009,2010,2011,2012,2013,2014,2015,2016],"title":"Years","type":null,"zeroline":true,"zerolinewidth":2},"yaxis":{"categoryarray":null,"categoryorder":null,"dtick":null,"mirror":"ticks","showgrid":true,"showline":true,"tickformat":"f","ticks":"inside","ticktext":null,"tickvals":null,"title":null,"type":null,"zeroline":true,"zerolinewidth":2}}},"Male":{"data":[{"marker":{"color":"#f99740"},"mode":"lines","name":"10 km","type":"scatter","x":[1999,2000,2001,2002,2003,2004,2005,2006,2007,2008,2009,2010,2011,2012,2013,2014,2015,2016],"y":[102,85,82,86,96,114,105,132,105,89,112,105,95,83,81,81,78,85]},{"marker":{"color":"#40aff9"},"mode":"lines","name":"Semi-marathon","type":"scatter","x":[1999,2000,2001,2002,2003,2004,2005,2006,2007,2008,2009,2010,2011,2012,2013,2014,2015,2016],"y":[173,182,179,147,191,206,219,196,175,132,141,135,126,90,118,105,86,69]},{"marker":{"color":"#f94040"},"mode":"lines","name":"Marathon","type":"scatter","x":[1999,2000,2001,2002,2003,2004,2005,2006,2007,2008,2009,2010,2011,2012,2013,2014,2015,2016],"y":[180,212,185,176,177,177,174,148,111,101,76,74,65,51,50,44,37,36]}],"layout":{"annotations":[{"showarrow":false,"text":"Age category: 61-65 years    Sex category: Male runners","xref":"paper","y":1.1,"yref":"paper"}],"bargap":null,"bargroupgap":null,"barmode":null,"boxmode":null,"height":null,"hovermode":null,"shapes":[],"title":"Evolution of number of participants over years for runnings of Lausanne Marathon","width":null,"xaxis":{"categoryarray":null,"categoryorder":null,"dtick":null,"mirror":"ticks","showgrid":true,"showline":true,"tickformat":null,"ticks":"inside","ticktext":[1999,2000,2001,2002,2003,2004,2005,2006,2007,2008,2009,2010,2011,2012,2013,2014,2015,2016],"tickvals":[1999,2000,2001,2002,2003,2004,2005,2006,2007,2008,2009,2010,2011,2012,2013,2014,2015,2016],"title":"Years","type":null,"zeroline":true,"zerolinewidth":2},"yaxis":{"categoryarray":null,"categoryorder":null,"dtick":null,"mirror":"ticks","showgrid":true,"showline":true,"tickformat":"f","ticks":"inside","ticktext":null,"tickvals":null,"title":null,"type":null,"zeroline":true,"zerolinewidth":2}}}},"65+ years":{"All":{"data":[{"marker":{"color":"#f99740"},"mode":"lines","name":"10 km","type":"scatter","x":[1999,2000,2001,2002,2003,2004,2005,2006,2007,2008,2009,2010,2011,2012,2013,2014,2015,2016],"y":[197,201,237,240,217,246,215,241,199,189,198,170,155,124,137,128,121,111]},{"marker":{"color":"#40aff9"},"mode":"lines","name":"Semi-marathon","type":"scatter","x":[1999,2000,2001,2002,2003,2004,2005,2006,2007,2008,2009,2010,2011,2012,2013,2014,2015,2016],"y":[370,380,341,333,334,343,300,265,238,196,191,163,147,97,137,106,80,75]},{"marker":{"color":"#f94040"},"mode":"lines","name":"Marathon","type":"scatter","x":[1999,2000,2001,2002,2003,2004,2005,2006,2007,2008,2009,2010,2011,2012,2013,2014,2015,2016],"y":[319,337,349,268,220,244,202,147,165,90,69,75,78,42,51,31,32,20]}],"layout":{"annotations":[{"showarrow":false,"text":"Age category: 65+ years    Sex category: All runners","xref":"paper","y":1.1,"yref":"paper"}],"bargap":null,"bargroupgap":null,"barmode":null,"boxmode":null,"height":null,"hovermode":null,"shapes":[],"title":"Evolution of number of participants over years for runnings of Lausanne Marathon","width":null,"xaxis":{"categoryarray":null,"categoryorder":null,"dtick":null,"mirror":"ticks","showgrid":true,"showline":true,"tickformat":null,"ticks":"inside","ticktext":[1999,2000,2001,2002,2003,2004,2005,2006,2007,2008,2009,2010,2011,2012,2013,2014,2015,2016],"tickvals":[1999,2000,2001,2002,2003,2004,2005,2006,2007,2008,2009,2010,2011,2012,2013,2014,2015,2016],"title":"Years","type":null,"zeroline":true,"zerolinewidth":2},"yaxis":{"categoryarray":null,"categoryorder":null,"dtick":null,"mirror":"ticks","showgrid":true,"showline":true,"tickformat":"f","ticks":"inside","ticktext":null,"tickvals":null,"title":null,"type":null,"zeroline":true,"zerolinewidth":2}}},"Female":{"data":[{"marker":{"color":"#f99740"},"mode":"lines","name":"10 km","type":"scatter","x":[1999,2000,2001,2002,2003,2004,2005,2006,2007,2008,2009,2010,2011,2012,2013,2014,2015,2016],"y":[53,55,67,64,56,66,58,55,50,47,47,29,31,31,41,28,27,31]},{"marker":{"color":"#40aff9"},"mode":"lines","name":"Semi-marathon","type":"scatter","x":[1999,2000,2001,2002,2003,2004,2005,2006,2007,2008,2009,2010,2011,2012,2013,2014,2015,2016],"y":[56,62,59,70,56,65,56,50,46,42,40,33,36,23,36,20,16,21]},{"marker":{"color":"#f94040"},"mode":"lines","name":"Marathon","type":"scatter","x":[1999,2000,2001,2002,2003,2004,2005,2006,2007,2008,2009,2010,2011,2012,2013,2014,2015,2016],"y":[46,36,55,21,29,43,19,15,37,12,11,10,8,5,8,3,4,2]}],"layout":{"annotations":[{"showarrow":false,"text":"Age category: 65+ years    Sex category: Female runners","xref":"paper","y":1.1,"yref":"paper"}],"bargap":null,"bargroupgap":null,"barmode":null,"boxmode":null,"height":null,"hovermode":null,"shapes":[],"title":"Evolution of number of participants over years for runnings of Lausanne Marathon","width":null,"xaxis":{"categoryarray":null,"categoryorder":null,"dtick":null,"mirror":"ticks","showgrid":true,"showline":true,"tickformat":null,"ticks":"inside","ticktext":[1999,2000,2001,2002,2003,2004,2005,2006,2007,2008,2009,2010,2011,2012,2013,2014,2015,2016],"tickvals":[1999,2000,2001,2002,2003,2004,2005,2006,2007,2008,2009,2010,2011,2012,2013,2014,2015,2016],"title":"Years","type":null,"zeroline":true,"zerolinewidth":2},"yaxis":{"categoryarray":null,"categoryorder":null,"dtick":null,"mirror":"ticks","showgrid":true,"showline":true,"tickformat":"f","ticks":"inside","ticktext":null,"tickvals":null,"title":null,"type":null,"zeroline":true,"zerolinewidth":2}}},"Male":{"data":[{"marker":{"color":"#f99740"},"mode":"lines","name":"10 km","type":"scatter","x":[1999,2000,2001,2002,2003,2004,2005,2006,2007,2008,2009,2010,2011,2012,2013,2014,2015,2016],"y":[144,146,170,176,161,180,157,186,149,142,151,141,124,93,96,100,94,80]},{"marker":{"color":"#40aff9"},"mode":"lines","name":"Semi-marathon","type":"scatter","x":[1999,2000,2001,2002,2003,2004,2005,2006,2007,2008,2009,2010,2011,2012,2013,2014,2015,2016],"y":[314,318,282,263,278,278,244,215,192,154,151,130,111,74,101,86,64,54]},{"marker":{"color":"#f94040"},"mode":"lines","name":"Marathon","type":"scatter","x":[1999,2000,2001,2002,2003,2004,2005,2006,2007,2008,2009,2010,2011,2012,2013,2014,2015,2016],"y":[273,301,294,247,191,201,183,132,128,78,58,65,70,37,43,28,28,18]}],"layout":{"annotations":[{"showarrow":false,"text":"Age category: 65+ years    Sex category: Male runners","xref":"paper","y":1.1,"yref":"paper"}],"bargap":null,"bargroupgap":null,"barmode":null,"boxmode":null,"height":null,"hovermode":null,"shapes":[],"title":"Evolution of number of participants over years for runnings of Lausanne Marathon","width":null,"xaxis":{"categoryarray":null,"categoryorder":null,"dtick":null,"mirror":"ticks","showgrid":true,"showline":true,"tickformat":null,"ticks":"inside","ticktext":[1999,2000,2001,2002,2003,2004,2005,2006,2007,2008,2009,2010,2011,2012,2013,2014,2015,2016],"tickvals":[1999,2000,2001,2002,2003,2004,2005,2006,2007,2008,2009,2010,2011,2012,2013,2014,2015,2016],"title":"Years","type":null,"zeroline":true,"zerolinewidth":2},"yaxis":{"categoryarray":null,"categoryorder":null,"dtick":null,"mirror":"ticks","showgrid":true,"showline":true,"tickformat":"f","ticks":"inside","ticktext":null,"tickvals":null,"title":null,"type":null,"zeroline":true,"zerolinewidth":2}}}},"All":{"All":{"data":[{"marker":{"color":"#f99740"},"mode":"lines","name":"10 km","type":"scatter","x":[1999,2000,2001,2002,2003,2004,2005,2006,2007,2008,2009,2010,2011,2012,2013,2014,2015,2016],"y":[1273,1308,1477,1484,1640,2040,1970,2092,2122,2202,2748,2991,3122,3192,3902,4973,5045,5020]},{"marker":{"color":"#40aff9"},"mode":"lines","name":"Semi-marathon","type":"scatter","x":[1999,2000,2001,2002,2003,2004,2005,2006,2007,2008,2009,2010,2011,2012,2013,2014,2015,2016],"y":[1652,1907,2022,2051,2454,2907,3120,3020,3003,3040,3473,3680,3998,3826,4463,4430,4260,4206]},{"marker":{"color":"#f94040"},"mode":"lines","name":"Marathon","type":"scatter","x":[1999,2000,2001,2002,2003,2004,2005,2006,2007,2008,2009,2010,2011,2012,2013,2014,2015,2016],"y":[1365,1686,1935,1673,1628,1731,1743,1590,1395,1122,1253,1314,1266,1209,1334,1151,1225,1305]}],"layout":{"annotations":[{"showarrow":false,"text":"Age category: All    Sex category: All runners","xref":"paper","y":1.1,"yref":"paper"}],"bargap":null,"bargroupgap":null,"barmode":null,"boxmode":null,"height":null,"hovermode":null,"shapes":[],"title":"Evolution of number of participants over years for runnings of Lausanne Marathon","width":null,"xaxis":{"categoryarray":null,"categoryorder":null,"dtick":null,"mirror":"ticks","showgrid":true,"showline":true,"tickformat":null,"ticks":"inside","ticktext":[1999,2000,2001,2002,2003,2004,2005,2006,2007,2008,2009,2010,2011,2012,2013,2014,2015,2016],"tickvals":[1999,2000,2001,2002,2003,2004,2005,2006,2007,2008,2009,2010,2011,2012,2013,2014,2015,2016],"title":"Years","type":null,"zeroline":true,"zerolinewidth":2},"yaxis":{"categoryarray":null,"categoryorder":null,"dtick":null,"mirror":"ticks","showgrid":true,"showline":true,"tickformat":"f","ticks":"inside","ticktext":null,"tickvals":null,"title":null,"type":null,"zeroline":true,"zerolinewidth":2}}},"Female":{"data":[{"marker":{"color":"#f99740"},"mode":"lines","name":"10 km","type":"scatter","x":[1999,2000,2001,2002,2003,2004,2005,2006,2007,2008,2009,2010,2011,2012,2013,2014,2015,2016],"y":[479,501,559,574,693,850,844,858,915,928,1180,1243,1345,1459,1887,2404,2479,2452]},{"marker":{"color":"#40aff9"},"mode":"lines","name":"Semi-marathon","type":"scatter","x":[1999,2000,2001,2002,2003,2004,2005,2006,2007,2008,2009,2010,2011,2012,2013,2014,2015,2016],"y":[385,462,512,562,632,791,918,866,880,889,1052,1065,1204,1236,1457,1422,1440,1427]},{"marker":{"color":"#f94040"},"mode":"lines","name":"Marathon","type":"scatter","x":[1999,2000,2001,2002,2003,2004,2005,2006,2007,2008,2009,2010,2011,2012,2013,2014,2015,2016],"y":[178,237,391,268,273,271,329,294,226,170,203,179,228,224,230,199,207,219]}],"layout":{"annotations":[{"showarrow":false,"text":"Age category: All    Sex category: Female runners","xref":"paper","y":1.1,"yref":"paper"}],"bargap":null,"bargroupgap":null,"barmode":null,"boxmode":null,"height":null,"hovermode":null,"shapes":[],"title":"Evolution of number of participants over years for runnings of Lausanne Marathon","width":null,"xaxis":{"categoryarray":null,"categoryorder":null,"dtick":null,"mirror":"ticks","showgrid":true,"showline":true,"tickformat":null,"ticks":"inside","ticktext":[1999,2000,2001,2002,2003,2004,2005,2006,2007,2008,2009,2010,2011,2012,2013,2014,2015,2016],"tickvals":[1999,2000,2001,2002,2003,2004,2005,2006,2007,2008,2009,2010,2011,2012,2013,2014,2015,2016],"title":"Years","type":null,"zeroline":true,"zerolinewidth":2},"yaxis":{"categoryarray":null,"categoryorder":null,"dtick":null,"mirror":"ticks","showgrid":true,"showline":true,"tickformat":"f","ticks":"inside","ticktext":null,"tickvals":null,"title":null,"type":null,"zeroline":true,"zerolinewidth":2}}},"Male":{"data":[{"marker":{"color":"#f99740"},"mode":"lines","name":"10 km","type":"scatter","x":[1999,2000,2001,2002,2003,2004,2005,2006,2007,2008,2009,2010,2011,2012,2013,2014,2015,2016],"y":[794,807,918,910,947,1190,1126,1234,1207,1274,1568,1748,1777,1733,2015,2569,2566,2568]},{"marker":{"color":"#40aff9"},"mode":"lines","name":"Semi-marathon","type":"scatter","x":[1999,2000,2001,2002,2003,2004,2005,2006,2007,2008,2009,2010,2011,2012,2013,2014,2015,2016],"y":[1267,1445,1510,1489,1822,2116,2202,2154,2123,2151,2421,2615,2794,2590,3006,3008,2820,2779]},{"marker":{"color":"#f94040"},"mode":"lines","name":"Marathon","type":"scatter","x":[1999,2000,2001,2002,2003,2004,2005,2006,2007,2008,2009,2010,2011,2012,2013,2014,2015,2016],"y":[1187,1449,1544,1405,1355,1460,1414,1296,1169,952,1050,1135,1038,985,1104,952,1018,1086]}],"layout":{"annotations":[{"showarrow":false,"text":"Age category: All    Sex category: Male runners","xref":"paper","y":1.1,"yref":"paper"}],"bargap":null,"bargroupgap":null,"barmode":null,"boxmode":null,"height":null,"hovermode":null,"shapes":[],"title":"Evolution of number of participants over years for runnings of Lausanne Marathon","width":null,"xaxis":{"categoryarray":null,"categoryorder":null,"dtick":null,"mirror":"ticks","showgrid":true,"showline":true,"tickformat":null,"ticks":"inside","ticktext":[1999,2000,2001,2002,2003,2004,2005,2006,2007,2008,2009,2010,2011,2012,2013,2014,2015,2016],"tickvals":[1999,2000,2001,2002,2003,2004,2005,2006,2007,2008,2009,2010,2011,2012,2013,2014,2015,2016],"title":"Years","type":null,"zeroline":true,"zerolinewidth":2},"yaxis":{"categoryarray":null,"categoryorder":null,"dtick":null,"mirror":"ticks","showgrid":true,"showline":true,"tickformat":"f","ticks":"inside","ticktext":null,"tickvals":null,"title":null,"type":null,"zeroline":true,"zerolinewidth":2}}}}}