{"10-25 years":{"All":{"data":[{"marker":{"color":"#f99740"},"mode":"lines","name":"10 km","type":"scatter","x":[1999,2000,2001,2002,2003,2004,2005,2006,2007,2008,2009,2010,2011,2012,2013,2014,2015,2016],"y":[231,245,275,253,260,374,327,192,208,249,342,337,368,424,573,1041,989,1044]},{"marker":{"color":"#40aff9"},"mode":"lines","name":"Semi-marathon","type":"scatter","x":[1999,2000,2001,2002,2003,2004,2005,2006,2007,2008,2009,2010,2011,2012,2013,2014,2015,2016],"y":[129,153,163,131,219,244,274,203,189,233,258,296,420,412,497,579,512,487]},{"marker":{"color":"#f94040"},"mode":"lines","name":"Marathon","type":"scatter","x":[1999,2000,2001,2002,2003,2004,2005,2006,2007,2008,2009,2010,2011,2012,2013,2014,2015,2016],"y":[70,79,106,74,67,54,62,55,43,38,50,63,48,69,87,71,102,79]}],"layout":{"annotations":[{"showarrow":false,"text":"Age category: 10-25 years    Sex category: All runners","xref":"paper","y":1.1,"yref":"paper"}],"bargap":null,"bargroupgap":null,"barmode":null,"boxmode":null,"height":null,"hovermode":null,"shapes":[],"title":"Evolution of number of participants over years for runnings of Lausanne Marathon","width":null,"xaxis":{"categoryarray":null,"categoryorder":null,"dtick":null,"mirror":"ticks","showgrid":true,"showline":true,"tickformat":null,"ticks":"inside","ticktext":[1999,2000,2001,2002,2003,2004,2005,2006,2007,2008,2009,2010,2011,2012,2013,2014,2015,2016],"tickvals":[1999,2000,2001,2002,2003,2004,2005,2006,2007,2008,2009,2010,2011,2012,2013,2014,2015,2016],"title":"Years","type":null,"zeroline":true,"zerolinewidth":2},"yaxis":{"categoryarray":null,"categoryorder":null,"dtick":null,"mirror":"ticks","showgrid":true,"showline":true,"tickformat":"f","ticks":"inside","ticktext":null,"tickvals":null,"title":null,"type":null,"zeroline":true,"zerolinewidth":2}}},"Female":{"data":[{"marker":{"color":"#f99740"},"mode":"lines","name":"10 km","type":"scatter","x":[1999,2000,2001,2002,2003,2004,2005,2006,2007,2008,2009,2010,2011,2012,2013,2014,2015,2016],"y":[104,97,109,116,126,184,152,91,110,124,185,166,174,238,324,550,547,577]},{"marker":{"color":"#40aff9"},"mode":"lines","name":"Semi-marathon","type":"scatter","x":[1999,2000,2001,2002,2003,2004,2005,2006,2007,2008,2009,2010,2011,2012,2013,2014,2015,2016],"y":[38,47,36,34,67,65,81,85,72,81,91,102,133,170,170,220,206,195]},{"marker":{"color":"#f94040"},"mode":"lines","name":"Marathon","type":"scatter","x":[1999,2000,2001,2002,2003,2004,2005,2006,2007,2008,2009,2010,2011,2012,2013,2014,2015,2016],"y":[8,13,30,14,14,18,21,19,8,7,6,13,9,17,21,18,19,20]}],"layout":{"annotations":[{"showarrow":false,"text":"Age category: 10-25 years    Sex category: Female runners","xref":"paper","y":1.1,"yref":"paper"}],"bargap":null,"bargroupgap":null,"barmode":null,"boxmode":null,"height":null,"hovermode":null,"shapes":[],"title":"Evolution of number of participants over years for runnings of Lausanne Marathon","width":null,"xaxis":{"categoryarray":null,"categoryorder":null,"dtick":null,"mirror":"ticks","showgrid":true,"showline":true,"tickformat":null,"ticks":"inside","ticktext":[1999,2000,2001,2002,2003,2004,2005,2006,2007,2008,2009,2010,2011,2012,2013,2014,2015,2016],"tickvals":[1999,2000,2001,2002,2003,2004,2005,2006,2007,2008,2009,2010,2011,2012,2013,2014,2015,2016],"title":"Years","type":null,"zeroline":true,"zerolinewidth":2},"yaxis":{"categoryarray":null,"categoryorder":null,"dtick":null,"mirror":"ticks","showgrid":true,"showline":true,"tickformat":"f","ticks":"inside","ticktext":null,"tickvals":null,"title":null,"type":null,"zeroline":true,"zerolinewidth":2}}},"Male":{"data":[{"marker":{"color":"#f99740"},"mode":"lines","name":"10 km","type":"scatter","x":[1999,2000,2001,2002,2003,2004,2005,2006,2007,2008,2009,2010,2011,2012,2013,2014,2015,2016],"y":[127,148,166,137,134,190,175,101,98,125,157,171,194,186,249,491,442,467]},{"marker":{"color":"#40aff9"},"mode":"lines","name":"Semi-marathon","type":"scatter","x":[1999,2000,2001,2002,2003,2004,2005,2006,2007,2008,2009,2010,2011,2012,2013,2014,2015,2016],"y":[91,106,127,97,152,179,193,118,117,152,167,194,287,242,327,359,306,292]},{"marker":{"color":"#f94040"},"mode":"lines","name":"Marathon","type":"scatter","x":[1999,2000,2001,2002,2003,2004,2005,2006,2007,2008,2009,2010,2011,2012,2013,2014,2015,2016],"y":[62,66,76,60,53,36,41,36,35,31,44,50,39,52,66,53,83,59]}],"layout":{"annotations":[{"showarrow":false,"text":"Age category: 10-25 years    Sex category: Male runners","xref":"paper","y":1.1,"yref":"paper"}],"bargap":null,"bargroupgap":null,"barmode":null,"boxmode":null,"height":null,"hovermode":null,"shapes":[],"title":"Evolution of number of participants over years for runnings of Lausanne Marathon","width":null,"xaxis":{"categoryarray":null,"categoryorder":null,"dtick":null,"mirror":"ticks","showgrid":true,"showline":true,"tickformat":null,"ticks":"inside","ticktext":[1999,2000,2001,2002,2003,2004,2005,2006,2007,2008,2009,2010,2011,2012,2013,2014,2015,2016],"tickvals":[1999,2000,2001,2002,2003,2004,2005,2006,2007,2008,2009,2010,2011,2012,2013,2014,2015,2016],"title":"Years","type":null,"zeroline":true,"zerolinewidth":2},"yaxis":{"categoryarray":null,"categoryorder":null,"dtick":null,"mirror":"ticks","showgrid":true,"showline":true,"tickformat":"f","ticks":"inside","ticktext":null,"tickvals":null,"title":null,"type":null,"zeroline":true,"zerolinewidth":2}}}},"26-30 years":{"All":{"data":[{"marker":{"color":"#f99740"},"mode":"lines","name":"10 km","type":"scatter","x":[1999,2000,2001,2002,2003,2004,2005,2006,2007,2008,2009,2010,2011,2012,2013,2014,2015,2016],"y":[181,194,210,197,229,271,236,273,262,293,409,509,479,543,657,767,851,741]},{"marker":{"color":"#40aff9"},"mode":"lines","name":"Semi-marathon","type":"scatter","x":[1999,2000,2001,2002,2003,2004,2005,2006,2007,2008,2009,2010,2011,2012,2013,2014,2015,2016],"y":[203,232,300,285,333,349,402,383,395,376,472,454,542,587,660,685,690,687]},{"marker":{"color":"#f94040"},"mode":"lines","name":"Marathon","type":"scatter","x":[1999,2000,2001,2002,2003,2004,2005,2006,2007,2008,2009,2010,2011,2012,2013,2014,2015,2016],"y":[154,184,234,147,151,155,148,147,127,96,122,108,102,129,131,125,138,141]}],"layout":{"annotations":[{"showarrow":false,"text":"Age category: 26-30 years    Sex category: All runners","xref":"paper","y":1.1,"yref":"paper"}],"bargap":null,"bargroupgap":null,"barmode":null,"boxmode":null,"height":null,"hovermode":null,"shapes":[],"title":"Evolution of number of participants over years for runnings of Lausanne Marathon","width":null,"xaxis":{"categoryarray":null,"categoryorder":null,"dtick":null,"mirror":"ticks","showgrid":true,"showline":true,"tickformat":null,"ticks":"inside","ticktext":[1999,2000,2001,2002,2003,2004,2005,2006,2007,2008,2009,2010,2011,2012,2013,2014,2015,2016],"tickvals":[1999,2000,2001,2002,2003,2004,2005,2006,2007,2008,2009,2010,2011,2012,2013,2014,2015,2016],"title":"Years","type":null,"zeroline":true,"zerolinewidth":2},"yaxis":{"categoryarray":null,"categoryorder":null,"dtick":null,"mirror":"ticks","showgrid":true,"showline":true,"tickformat":"f","ticks":"inside","ticktext":null,"tickvals":null,"title":null,"type":null,"zeroline":true,"zerolinewidth":2}}},"Female":{"data":[{"marker":{"color":"#f99740"},"mode":"lines","name":"10 km","type":"scatter","x":[1999,2000,2001,2002,2003,2004,2005,2006,2007,2008,2009,2010,2011,2012,2013,2014,2015,2016],"y":[58,90,82,89,104,129,130,147,128,150,211,257,237,292,357,426,484,409]},{"marker":{"color":"#40aff9"},"mode":"lines","name":"Semi-marathon","type":"scatter","x":[1999,2000,2001,2002,2003,2004,2005,2006,2007,2008,2009,2010,2011,2012,2013,2014,2015,2016],"y":[66,68,99,88,96,109,133,133,133,117,173,154,197,209,270,258,264,284]},{"marker":{"color":"#f94040"},"mode":"lines","name":"Marathon","type":"scatter","x":[1999,2000,2001,2002,2003,2004,2005,2006,2007,2008,2009,2010,2011,2012,2013,2014,2015,2016],"y":[25,25,62,34,27,23,47,33,26,21,24,14,21,35,22,24,31,37]}],"layout":{"annotations":[{"showarrow":false,"text":"Age category: 26-30 years    Sex category: Female runners","xref":"paper","y":1.1,"yref":"paper"}],"bargap":null,"bargroupgap":null,"barmode":null,"boxmode":null,"height":null,"hovermode":null,"shapes":[],"title":"Evolution of number of participants over years for runnings of Lausanne Marathon","width":null,"xaxis":{"categoryarray":null,"categoryorder":null,"dtick":null,"mirror":"ticks","showgrid":true,"showline":true,"tickformat":null,"ticks":"inside","ticktext":[1999,2000,2001,2002,2003,2004,2005,2006,2007,2008,2009,2010,2011,2012,2013,2014,2015,2016],"tickvals":[1999,2000,2001,2002,2003,2004,2005,2006,2007,2008,2009,2010,2011,2012,2013,2014,2015,2016],"title":"Years","type":null,"zeroline":true,"zerolinewidth":2},"yaxis":{"categoryarray":null,"categoryorder":null,"dtick":null,"mirror":"ticks","showgrid":true,"showline":true,"tickformat":"f","ticks":"inside","ticktext":null,"tickvals":null,"title":null,"type":null,"zeroline":true,"zerolinewidth":2}}},"Male":{"data":[{"marker":{"color":"#f99740"},"mode":"lines","name":"10 km","type":"scatter","x":[1999,2000,2001,2002,2003,2004,2005,2006,2007,2008,2009,2010,2011,2012,2013,2014,2015,2016],"y":[123,104,128,108,125,142,106,126,134,143,198,252,242,251,300,341,367,332]},{"marker":{"color":"#40aff9"},"mode":"lines","name":"Semi-marathon","type":"scatter","x":[1999,2000,2001,2002,2003,2004,2005,2006,2007,2008,2009,2010,2011,2012,2013,2014,2015,2016],"y":[137,164,201,197,237,240,269,250,262,259,299,300,345,378,390,427,426,403]},{"marker":{"color":"#f94040"},"mode":"lines","name":"Marathon","type":"scatter","x":[1999,2000,2001,2002,2003,2004,2005,2006,2007,2008,2009,2010,2011,2012,2013,2014,2015,2016],"y":[129,159,172,113,124,132,101,114,101,75,98,94,81,94,109,101,107,104]}],"layout":{"annotations":[{"showarrow":false,"text":"Age category: 26-30 years    Sex category: Male runners","xref":"paper","y":1.1,"yref":"paper"}],"bargap":null,"bargroupgap":null,"barmode":null,"boxmode":null,"height":null,"hovermode":null,"shapes":[],"title":"Evolution of number of participants over years for runnings of Lausanne Marathon","width":null,"xaxis":{"categoryarray":null,"categoryorder":null,"dtick":null,"mirror":"ticks","showgrid":true,"showline":true,"tickformat":null,"ticks":"inside","ticktext":[1999,2000,2001,2002,2003,2004,2005,2006,2007,2008,2009,2010,2011,2012,2013,2014,2015,2016],"tickvals":[1999,2000,2001,2002,2003,2004,2005,2006,2007,2008,2009,2010,2011,2012,2013,2014,2015,2016],"title":"Years","type":null,"zeroline":true,"zerolinewidth":2},"yaxis":{"categoryarray":null,"categoryorder":null,"dtick":null,"mirror":"ticks","showgrid":true,"showline":true,"tickformat":"f","ticks":"inside","ticktext":null,"tickvals":null,"title":null,"type":null,"zeroline":true,"zerolinewidth":2}}}},"31-35 years":{"All":{"data":[{"marker":{"color":"#f99740"},"mode":"lines","name":"10 km","type":"scatter","x":[1999,2000,2001,2002,2003,2004,2005,2006,2007,2008,2009,2010,2011,2012,2013,2014,2015,2016],"y":[223,239,239,224,242,311,308,346,324,329,442,479,510,495,635,782,760,713]},{"marker":{"color":"#40aff9"},"mode":"lines","name":"Semi-marathon","type":"scatter","x":[1999,2000,2001,2002,2003,2004,2005,2006,2007,2008,2009,2010,2011,2012,2013,2014,2015,2016],"y":[272,328,359,365,399,513,516,526,487,480,537,555,599,633,740,675,671,623]},{"marker":{"color":"#f94040"},"mode":"lines","name":"Marathon","type":"scatter","x":[1999,2000,2001,2002,2003,2004,2005,2006,2007,2008,2009,2010,2011,2012,2013,2014,2015,2016],"y":[232,264,333,300,256,258,205,207,178,142,182,151,154,165,177,141,158,193]}],"layout":{"annotations":[{"showarrow":false,"text":"Age category: 31-35 years    Sex category: All runners","xref":"paper","y":1.1,"yref":"paper"}],"bargap":null,"bargroupgap":null,"barmode":null,"boxmode":null,"height":null,"hovermode":null,"shapes":[],"title":"Evolution of number of participants over years for runnings of Lausanne Marathon","width":null,"xaxis":{"categoryarray":null,"categoryorder":null,"dtick":null,"mirror":"ticks","showgrid":true,"showline":true,"tickformat":null,"ticks":"inside","ticktext":[1999,2000,2001,2002,2003,2004,2005,2006,2007,2008,2009,2010,2011,2012,2013,2014,2015,2016],"tickvals":[1999,2000,2001,2002,2003,2004,2005,2006,2007,2008,2009,2010,2011,2012,2013,2014,2015,2016],"title":"Years","type":null,"zeroline":true,"zerolinewidth":2},"yaxis":{"categoryarray":null,"categoryorder":null,"dtick":null,"mirror":"ticks","showgrid":true,"showline":true,"tickformat":"f","ticks":"inside","ticktext":null,"tickvals":null,"title":null,"type":null,"zeroline":true,"zerolinewidth":2}}},"Female":{"data":[{"marker":{"color":"#f99740"},"mode":"lines","name":"10 km","type":"scatter","x":[1999,2000,2001,2002,2003,2004,2005,2006,2007,2008,2009,2010,2011,2012,2013,2014,2015,2016],"y":[96,106,99,88,106,140,151,155,145,141,189,224,250,241,322,393,373,364]},{"marker":{"color":"#40aff9"},"mode":"lines","name":"Semi-marathon","type":"scatter","x":[1999,2000,2001,2002,2003,2004,2005,2006,2007,2008,2009,2010,2011,2012,2013,2014,2015,2016],"y":[61,93,89,100,116,143,156,166,142,151,154,157,189,210,244,211,247,207]},{"marker":{"color":"#f94040"},"mode":"lines","name":"Marathon","type":"scatter","x":[1999,2000,2001,2002,2003,2004,2005,2006,2007,2008,2009,2010,2011,2012,2013,2014,2015,2016],"y":[29,33,65,46,39,36,42,33,25,23,29,15,23,28,30,27,28,35]}],"layout":{"annotations":[{"showarrow":false,"text":"Age category: 31-35 years    Sex category: Female runners","xref":"paper","y":1.1,"yref":"paper"}],"bargap":null,"bargroupgap":null,"barmode":null,"boxmode":null,"height":null,"hovermode":null,"shapes":[],"title":"Evolution of number of participants over years for runnings of Lausanne Marathon","width":null,"xaxis":{"categoryarray":null,"categoryorder":null,"dtick":null,"mirror":"ticks","showgrid":true,"showline":true,"tickformat":null,"ticks":"inside","ticktext":[1999,2000,2001,2002,2003,2004,2005,2006,2007,2008,2009,2010,2011,2012,2013,2014,2015,2016],"tickvals":[1999,2000,2001,2002,2003,2004,2005,2006,2007,2008,2009,2010,2011,2012,2013,2014,2015,2016],"title":"Years","type":null,"zeroline":true,"zerolinewidth":2},"yaxis":{"categoryarray":null,"categoryorder":null,"dtick":null,"mirror":"ticks","showgrid":true,"showline":true,"tickformat":"f","ticks":"inside","ticktext":null,"tickvals":null,"title":null,"type":null,"zeroline":true,"zerolinewidth":2}}},"Male":{"data":[{"marker":{"color":"#f99740"},"mode":"lines","name":"10 km","type":"scatter","x":[1999,2000,2001,2002,2003,2004,2005,2006,2007,2008,2009,2010,2011,2012,2013,2014,2015,2016],"y":[127,133,140,136,136,171,157,191,179,188,253,255,260,254,313,389,387,349]},{"marker":{"color":"#40aff9"},"mode":"lines","name":"Semi-marathon","type":"scatter","x":[1999,2000,2001,2002,2003,2004,2005,2006,2007,2008,2009,2010,2011,2012,2013,2014,2015,2016],"y":[211,235,270,265,283,370,360,360,345,329,383,398,410,423,496,464,424,416]},{"marker":{"color":"#f94040"},"mode":"lines","name":"Marathon","type":"scatter","x":[1999,2000,2001,2002,2003,2004,2005,2006,2007,2008,2009,2010,2011,2012,2013,2014,2015,2016],"y":[203,231,268,254,217,222,163,174,153,119,153,136,131,137,147,114,130,158]}],"layout":{"annotations":[{"showarrow":false,"text":"Age category: 31-35 years    Sex category: Male runners","xref":"paper","y":1.1,"yref":"paper"}],"bargap":null,"bargroupgap":null,"barmode":null,"boxmode":null,"height":null,"hovermode":null,"shapes":[],"title":"Evolution of number of participants over years for runnings of Lausanne Marathon","width":null,"xaxis":{"categoryarray":null,"categoryorder":null,"dtick":null,"mirror":"ticks","showgrid":true,"showline":true,"tickformat":null,"ticks":"inside","ticktext":[1999,2000,2001,2002,2003,2004,2005,2006,2007,2008,2009,2010,2011,2012,2013,2014,2015,2016],"tickvals":[1999,2000,2001,2002,2003,2004,2005,2006,2007,2008,2009,2010,2011,2012,2013,2014,2015,2016],"title":"Years","type":null,"zeroline":true,"zerolinewidth":2},"yaxis":{"categoryarray":null,"categoryorder":null,"dtick":null,"mirror":"ticks","showgrid":true,"showline":true,"tickformat":"f","ticks":"inside","ticktext":null,"tickvals":null,"title":null,"type":null,"zeroline":true,"zerolinewidth":2}}}},"36-40 years":{"All":{"data":[{"marker":{"color":"#f99740"},"mode":"lines","name":"10 km","type":"scatter","x":[1999,2000,2001,2002,2003,2004,2005,2006,2007,2008,2009,2010,2011,2012,2013,2014,2015,2016],"y":[227,201,253,268,284,325,292,354,374,367,412,454,491,446,520,654,673,627]},{"marker":{"color":"#40aff9"},"mode":"lines","name":"Semi-marathon","type":"scatter","x":[1999,2000,2001,2002,2003,2004,2005,2006,2007,2008,2009,2010,2011,2012,2013,2014,2015,2016],"y":[327,385,363,387,463,520,572,557,537,529,631,655,700,616,691,680,597,630]},{"marker":{"color":"#f94040"},"mode":"lines","name":"Marathon","type":"scatter","x":[1999,2000,2001,2002,2003,2004,2005,2006,2007,2008,2009,2010,2011,2012,2013,2014,2015,2016],"y":[286,368,390,357,343,355,350,304,236,209,238,238,231,196,216,184,211,184]}],"layout":{"annotations":[{"showarrow":false,"text":"Age category: 36-40 years    Sex category: All runners","xref":"paper","y":1.1,"yref":"paper"}],"bargap":null,"bargroupgap":null,"barmode":null,"boxmode":null,"height":null,"hovermode":null,"shapes":[],"title":"Evolution of number of participants over years for runnings of Lausanne Marathon","width":null,"xaxis":{"categoryarray":null,"categoryorder":null,"dtick":null,"mirror":"ticks","showgrid":true,"showline":true,"tickformat":null,"ticks":"inside","ticktext":[1999,2000,2001,2002,2003,2004,2005,2006,2007,2008,2009,2010,2011,2012,2013,2014,2015,2016],"tickvals":[1999,2000,2001,2002,2003,2004,2005,2006,2007,2008,2009,2010,2011,2012,2013,2014,2015,2016],"title":"Years","type":null,"zeroline":true,"zerolinewidth":2},"yaxis":{"categoryarray":null,"categoryorder":null,"dtick":null,"mirror":"ticks","showgrid":true,"showline":true,"tickformat":"f","ticks":"inside","ticktext":null,"tickvals":null,"title":null,"type":null,"zeroline":true,"zerolinewidth":2}}},"Female":{"data":[{"marker":{"color":"#f99740"},"mode":"lines","name":"10 km","type":"scatter","x":[1999,2000,2001,2002,2003,2004,2005,2006,2007,2008,2009,2010,2011,2012,2013,2014,2015,2016],"y":[95,77,101,99,127,134,123,160,175,163,180,168,217,205,249,310,325,305]},{"marker":{"color":"#40aff9"},"mode":"lines","name":"Semi-marathon","type":"scatter","x":[1999,2000,2001,2002,2003,2004,2005,2006,2007,2008,2009,2010,2011,2012,2013,2014,2015,2016],"y":[81,93,102,110,124,134,169,144,162,165,194,182,205,200,219,216,202,204]},{"marker":{"color":"#f94040"},"mode":"lines","name":"Marathon","type":"scatter","x":[1999,2000,2001,2002,2003,2004,2005,2006,2007,2008,2009,2010,2011,2012,2013,2014,2015,2016],"y":[40,63,79,62,53,54,65,62,38,33,36,25,32,39,31,32,38,34]}],"layout":{"annotations":[{"showarrow":false,"text":"Age category: 36-40 years    Sex category: Female runners","xref":"paper","y":1.1,"yref":"paper"}],"bargap":null,"bargroupgap":null,"barmode":null,"boxmode":null,"height":null,"hovermode":null,"shapes":[],"title":"Evolution of number of participants over years for runnings of Lausanne Marathon","width":null,"xaxis":{"categoryarray":null,"categoryorder":null,"dtick":null,"mirror":"ticks","showgrid":true,"showline":true,"tickformat":null,"ticks":"inside","ticktext":[1999,2000,2001,2002,2003,2004,2005,2006,2007,2008,2009,2010,2011,2012,2013,2014,2015,2016],"tickvals":[1999,2000,2001,2002,2003,2004,2005,2006,2007,2008,2009,2010,2011,2012,2013,2014,2015,2016],"title":"Years","type":null,"zeroline":true,"zerolinewidth":2},"yaxis":{"categoryarray":null,"categoryorder":null,"dtick":null,"mirror":"ticks","showgrid":true,"showline":true,"tickformat":"f","ticks":"inside","ticktext":null,"tickvals":null,"title":null,"type":null,"zeroline":true,"zerolinewidth":2}}},"Male":{"data":[{"marker":{"color":"#f99740"},"mode":"lines","name":"10 km","type":"scatter","x":[1999,2000,2001,2002,2003,2004,2005,2006,2007,2008,2009,2010,2011,2012,2013,2014,2015,2016],"y":[132,124,152,169,157,191,169,194,199,204,232,286,274,241,271,344,348,322]},{"marker":{"color":"#40aff9"},"mode":"lines","name":"Semi-marathon","type":"scatter","x":[1999,2000,2001,2002,2003,2004,2005,2006,2007,2008,2009,2010,2011,2012,2013,2014,2015,2016],"y":[246,292,261,277,339,386,403,413,375,364,437,473,495,416,472,464,395,426]},{"marker":{"color":"#f94040"},"mode":"lines","name":"Marathon","type":"scatter","x":[1999,2000,2001,2002,2003,2004,2005,2006,2007,2008,2009,2010,2011,2012,2013,2014,2015,2016],"y":[246,305,311,295,290,301,285,242,198,176,202,213,199,157,185,152,173,150]}],"layout":{"annotations":[{"showarrow":false,"text":"Age category: 36-40 years    Sex category: Male runners","xref":"paper","y":1.1,"yref":"paper"}],"bargap":null,"bargroupgap":null,"barmode":null,"boxmode":null,"height":null,"hovermode":null,"shapes":[],"title":"Evolution of number of participants over years for runnings of Lausanne Marathon","width":null,"xaxis":{"categoryarray":null,"categoryorder":null,"dtick":null,"mirror":"ticks","showgrid":true,"showline":true,"tickformat":null,"ticks":"inside","ticktext":[1999,2000,2001,2002,2003,2004,2005,2006,2007,2008,2009,2010,2011,2012,2013,2014,2015,2016],"tickvals":[1999,2000,2001,2002,2003,2004,2005,2006,2007,2008,2009,2010,2011,2012,2013,2014,2015,2016],"title":"Years","type":null,"zeroline":true,"zerolinewidth":2},"yaxis":{"categoryarray":null,"categoryorder":null,"dtick":null,"mirror":"ticks","showgrid":true,"showline":true,"tickformat":"f","ticks":"inside","ticktext":null,"tickvals":null,"title":null,"type":null,"zeroline":true,"zerolinewidth":2}}}},"41-45 years":{"All":{"data":[{"marker":{"color":"#f99740"},"mode":"lines","name":"10 km","type":"scatter","x":[1999,2000,2001,2002,2003,2004,2005,2006,2007,2008,2009,2010,2011,2012,2013,2014,2015,2016],"y":[160,165,175,164,203,262,291,329,343,342,416,413,457,428,521,625,580,596]},{"marker":{"color":"#40aff9"},"mode":"lines","name":"Semi-marathon","type":"scatter","x":[1999,2000,2001,2002,2003,2004,2005,2006,2007,2008,2009,2010,2011,2012,2013,2014,2015,2016],"y":[262,293,316,339,387,527,525,527,542,536,629,640,680,604,639,633,643,583]},{"marker":{"color":"#f94040"},"mode":"lines","name":"Marathon","type":"scatter","x":[1999,2000,2001,2002,2003,2004,2005,2006,2007,2008,2009,2010,2011,2012,2013,2014,2015,2016],"y":[232,323,338,314,319,359,385,350,314,233,259,258,266,237,243,201,206,253]}],"layout":{"annotations":[{"showarrow":false,"text":"Age category: 41-45 years    Sex category: All runners","xref":"paper","y":1.1,"yref":"paper"}],"bargap":null,"bargroupgap":null,"barmode":null,"boxmode":null,"height":null,"hovermode":null,"shapes":[],"title":"Evolution of number of participants over years for runnings of Lausanne Marathon","width":null,"xaxis":{"categoryarray":null,"categoryorder":null,"dtick":null,"mirror":"ticks","showgrid":true,"showline":true,"tickformat":null,"ticks":"inside","ticktext":[1999,2000,2001,2002,2003,2004,2005,2006,2007,2008,2009,2010,2011,2012,2013,2014,2015,2016],"tickvals":[1999,2000,2001,2002,2003,2004,2005,2006,2007,2008,2009,2010,2011,2012,2013,2014,2015,2016],"title":"Years","type":null,"zeroline":true,"zerolinewidth":2},"yaxis":{"categoryarray":null,"categoryorder":null,"dtick":null,"mirror":"ticks","showgrid":true,"showline":true,"tickformat":"f","ticks":"inside","ticktext":null,"tickvals":null,"title":null,"type":null,"zeroline":true,"zerolinewidth":2}}},"Female":{"data":[{"marker":{"color":"#f99740"},"mode":"lines","name":"10 km","type":"scatter","x":[1999,2000,2001,2002,2003,2004,2005,2006,2007,2008,2009,2010,2011,2012,2013,2014,2015,2016],"y":[56,55,66,66,93,106,119,134,154,152,196,182,205,185,238,300,289,298]},{"marker":{"color":"#40aff9"},"mode":"lines","name":"Semi-marathon","type":"scatter","x":[1999,2000,2001,2002,2003,2004,2005,2006,2007,2008,2009,2010,2011,2012,2013,2014,2015,2016],"y":[65,76,87,96,99,165,171,159,173,155,189,179,198,177,213,212,207,197]},{"marker":{"color":"#f94040"},"mode":"lines","name":"Marathon","type":"scatter","x":[1999,2000,2001,2002,2003,2004,2005,2006,2007,2008,2009,2010,2011,2012,2013,2014,2015,2016],"y":[23,53,56,54,60,58,69,74,41,31,41,38,51,37,36,35,29,34]}],"layout":{"annotations":[{"showarrow":false,"text":"Age category: 41-45 years    Sex category: Female runners","xref":"paper","y":1.1,"yref":"paper"}],"bargap":null,"bargroupgap":null,"barmode":null,"boxmode":null,"height":null,"hovermode":null,"shapes":[],"title":"Evolution of number of participants over years for runnings of Lausanne Marathon","width":null,"xaxis":{"categoryarray":null,"categoryorder":null,"dtick":null,"mirror":"ticks","showgrid":true,"showline":true,"tickformat":null,"ticks":"inside","ticktext":[1999,2000,2001,2002,2003,2004,2005,2006,2007,2008,2009,2010,2011,2012,2013,2014,2015,2016],"tickvals":[1999,2000,2001,2002,2003,2004,2005,2006,2007,2008,2009,2010,2011,2012,2013,2014,2015,2016],"title":"Years","type":null,"zeroline":true,"zerolinewidth":2},"yaxis":{"categoryarray":null,"categoryorder":null,"dtick":null,"mirror":"ticks","showgrid":true,"showline":true,"tickformat":"f","ticks":"inside","ticktext":null,"tickvals":null,"title":null,"type":null,"zeroline":true,"zerolinewidth":2}}},"Male":{"data":[{"marker":{"color":"#f99740"},"mode":"lines","name":"10 km","type":"scatter","x":[1999,2000,2001,2002,2003,2004,2005,2006,2007,2008,2009,2010,2011,2012,2013,2014,2015,2016],"y":[104,110,109,98,110,156,172,195,189,190,220,231,252,243,283,325,291,298]},{"marker":{"color":"#40aff9"},"mode":"lines","name":"Semi-marathon","type":"scatter","x":[1999,2000,2001,2002,2003,2004,2005,2006,2007,2008,2009,2010,2011,2012,2013,2014,2015,2016],"y":[197,217,229,243,288,362,354,368,369,381,440,461,482,427,426,421,436,386]},{"marker":{"color":"#f94040"},"mode":"lines","name":"Marathon","type":"scatter","x":[1999,2000,2001,2002,2003,2004,2005,2006,2007,2008,2009,2010,2011,2012,2013,2014,2015,2016],"y":[209,270,282,260,259,301,316,276,273,202,218,220,215,200,207,166,177,219]}],"layout":{"annotations":[{"showarrow":false,"text":"Age category: 41-45 years    Sex category: Male runners","xref":"paper","y":1.1,"yref":"paper"}],"bargap":null,"bargroupgap":null,"barmode":null,"boxmode":null,"height":null,"hovermode":null,"shapes":[],"title":"Evolution of number of participants over years for runnings of Lausanne Marathon","width":null,"xaxis":{"categoryarray":null,"categoryorder":null,"dtick":null,"mirror":"ticks","showgrid":true,"showline":true,"tickformat":null,"ticks":"inside","ticktext":[1999,2000,2001,2002,2003,2004,2005,2006,2007,2008,2009,2010,2011,2012,2013,2014,2015,2016],"tickvals":[1999,2000,2001,2002,2003,2004,2005,2006,2007,2008,2009,2010,2011,2012,2013,2014,2015,2016],"title":"Years","type":null,"zeroline":true,"zerolinewidth":2},"yaxis":{"categoryarray":null,"categoryorder":null,"dtick":null,"mirror":"ticks","showgrid":true,"showline":true,"tickformat":"f","ticks":"inside","ticktext":null,"tickvals":null,"title":null,"type":null,"zeroline":true,"zerolinewidth":2}}}},"46-50 years":{"All":{"data":[{"marker":{"color":"#f99740"},"mode":"lines","name":"10 km","type":"scatter","x":[1999,2000,2001,2002,2003,2004,2005,2006,2007,2008,2009,2010,2011,2012,2013,2014,2015,2016],"y":[116,101,109,138,177,192,224,238,242,253,277,348,340,382,415,474,494,479]},{"marker":{"color":"#40aff9"},"mode":"lines","name":"Semi-marathon","type":"scatter","x":[1999,2000,2001,2002,2003,2004,2005,2006,2007,2008,2009,2010,2011,2012,2013,2014,2015,2016],"y":[216,224,219,211,280,312,372,385,393,441,435,517,477,478,558,525,488,515]},{"marker":{"color":"#f94040"},"mode":"lines","name":"Marathon","type":"scatter","x":[1999,2000,2001,2002,2003,2004,2005,2006,2007,2008,2009,2010,2011,2012,2013,2014,2015,2016],"y":[176,209,235,213,234,241,283,248,198,174,185,220,215,188,216,180,161,189]}],"layout":{"annotations":[{"showarrow":false,"text":"Age category: 46-50 years    Sex category: All runners","xref":"paper","y":1.1,"yref":"paper"}],"bargap":null,"bargroupgap":null,"barmode":null,"boxmode":null,"height":null,"hovermode":null,"shapes":[],"title":"Evolution of number of participants over years for runnings of Lausanne Marathon","width":null,"xaxis":{"categoryarray":null,"categoryorder":null,"dtick":null,"mirror":"ticks","showgrid":true,"showline":true,"tickformat":null,"ticks":"inside","ticktext":[1999,2000,2001,2002,2003,2004,2005,2006,2007,2008,2009,2010,2011,2012,2013,2014,2015,2016],"tickvals":[1999,2000,2001,2002,2003,2004,2005,2006,2007,2008,2009,2010,2011,2012,2013,2014,2015,2016],"title":"Years","type":null,"zeroline":true,"zerolinewidth":2},"yaxis":{"categoryarray":null,"categoryorder":null,"dtick":null,"mirror":"ticks","showgrid":true,"showline":true,"tickformat":"f","ticks":"inside","ticktext":null,"tickvals":null,"title":null,"type":null,"zeroline":true,"zerolinewidth":2}}},"Female":{"data":[{"marker":{"color":"#f99740"},"mode":"lines","name":"10 km","type":"scatter","x":[1999,2000,2001,2002,2003,2004,2005,2006,2007,2008,2009,2010,2011,2012,2013,2014,2015,2016],"y":[37,35,41,52,67,68,83,86,88,91,87,127,134,156,187,214,208,197]},{"marker":{"color":"#40aff9"},"mode":"lines","name":"Semi-marathon","type":"scatter","x":[1999,2000,2001,2002,2003,2004,2005,2006,2007,2008,2009,2010,2011,2012,2013,2014,2015,2016],"y":[39,36,46,64,63,90,119,89,105,115,118,151,134,139,168,146,151,170]},{"marker":{"color":"#f94040"},"mode":"lines","name":"Marathon","type":"scatter","x":[1999,2000,2001,2002,2003,2004,2005,2006,2007,2008,2009,2010,2011,2012,2013,2014,2015,2016],"y":[24,24,50,37,48,32,55,39,28,26,37,32,55,30,37,24,26,27]}],"layout":{"annotations":[{"showarrow":false,"text":"Age category: 46-50 years    Sex category: Female runners","xref":"paper","y":1.1,"yref":"paper"}],"bargap":null,"bargroupgap":null,"barmode":null,"boxmode":null,"height":null,"hovermode":null,"shapes":[],"title":"Evolution of number of participants over years for runnings of Lausanne Marathon","width":null,"xaxis":{"categoryarray":null,"categoryorder":null,"dtick":null,"mirror":"ticks","showgrid":true,"showline":true,"tickformat":null,"ticks":"inside","ticktext":[1999,2000,2001,2002,2003,2004,2005,2006,2007,2008,2009,2010,2011,2012,2013,2014,2015,2016],"tickvals":[1999,2000,2001,2002,2003,2004,2005,2006,2007,2008,2009,2010,2011,2012,2013,2014,2015,2016],"title":"Years","type":null,"zeroline":true,"zerolinewidth":2},"yaxis":{"categoryarray":null,"categoryorder":null,"dtick":null,"mirror":"ticks","showgrid":true,"showline":true,"tickformat":"f","ticks":"inside","ticktext":null,"tickvals":null,"title":null,"type":null,"zeroline":true,"zerolinewidth":2}}},"Male":{"data":[{"marker":{"color":"#f99740"},"mode":"lines","name":"10 km","type":"scatter","x":[1999,2000,2001,2002,2003,2004,2005,2006,2007,2008,2009,2010,2011,2012,2013,2014,2015,2016],"y":[79,66,68,86,110,124,141,152,154,162,190,221,206,226,228,260,286,282]},{"marker":{"color":"#40aff9"},"mode":"lines","name":"Semi-marathon","type":"scatter","x":[1999,2000,2001,2002,2003,2004,2005,2006,2007,2008,2009,2010,2011,2012,2013,2014,2015,2016],"y":[177,188,173,147,217,222,253,296,288,326,317,366,343,339,390,379,337,345]},{"marker":{"color":"#f94040"},"mode":"lines","name":"Marathon","type":"scatter","x":[1999,2000,2001,2002,2003,2004,2005,2006,2007,2008,2009,2010,2011,2012,2013,2014,2015,2016],"y":[152,185,185,176,186,209,228,209,170,148,148,188,160,158,179,156,135,162]}],"layout":{"annotations":[{"showarrow":false,"text":"Age category: 46-50 years    Sex category: Male runners","xref":"paper","y":1.1,"yref":"paper"}],"bargap":null,"bargroupgap":null,"barmode":null,"boxmode":null,"height":null,"hovermode":null,"shapes":[],"title":"Evolution of number of participants over years for runnings of Lausanne Marathon","width":null,"xaxis":{"categoryarray":null,"categoryorder":null,"dtick":null,"mirror":"ticks","showgrid":true,"showline":true,"tickformat":null,"ticks":"inside","ticktext":[1999,2000,2001,2002,2003,2004,2005,2006,2007,2008,2009,2010,2011,2012,2013,2014,2015,2016],"tickvals":[1999,2000,2001,2002,2003,2004,2005,2006,2007,2008,2009,2010,2011,2012,2013,2014,2015,2016],"title":"Years","type":null,"zeroline":true,"zerolinewidth":2},"yaxis":{"categoryarray":null,"categoryorder":null,"dtick":null,"mirror":"ticks","showgrid":true,"showline":true,"tickformat":"f","ticks":"inside","ticktext":null,"tickvals":null,"title":null,"type":null,"zeroline":true,"zerolinewidth":2}}}},"51-55 years":{"All":{"data":[{"marker":{"color":"#f99740"},"mode":"lines","name":"10 km","type":"scatter","x":[1999,2000,2001,2002,2003,2004,2005,2006,2007,2008,2009,2010,2011,2012,2013,2014,2015,2016],"y":[69,78,108,108,108,122,120,150,170,153,197,207,230,230,284,300,322,397]},{"marker":{"color":"#40aff9"},"mode":"lines","name":"Semi-marathon","type":"scatter","x":[1999,2000,2001,2002,2003,2004,2005,2006,2007,2008,2009,2010,2011,2012,2013,2014,2015,2016],"y":[134,148,159,172,177,208,235,205,222,226,256,314,322,272,338,337,339,342]},{"marker":{"color":"#f94040"},"mode":"lines","name":"Marathon","type":"scatter","x":[1999,2000,2001,2002,2003,2004,2005,2006,2007,2008,2009,2010,2011,2012,2013,2014,2015,2016],"y":[118,143,171,144,168,158,173,153,134,115,114,151,105,122,134,123,131,131]}],"layout":{"annotations":[{"showarrow":false,"text":"Age category: 51-55 years    Sex category: All runners","xref":"paper","y":1.1,"yref":"paper"}],"bargap":null,"bargroupgap":null,"barmode":null,"boxmode":null,"height":null,"hovermode":null,"shapes":[],"title":"Evolution of number of participants over years for runnings of Lausanne Marathon","width":null,"xaxis":{"categoryarray":null,"categoryorder":null,"dtick":null,"mirror":"ticks","showgrid":true,"showline":true,"tickformat":null,"ticks":"inside","ticktext":[1999,2000,2001,2002,2003,2004,2005,2006,2007,2008,2009,2010,2011,2012,2013,2014,2015,2016],"tickvals":[1999,2000,2001,2002,2003,2004,2005,2006,2007,2008,2009,2010,2011,2012,2013,2014,2015,2016],"title":"Years","type":null,"zeroline":true,"zerolinewidth":2},"yaxis":{"categoryarray":null,"categoryorder":null,"dtick":null,"mirror":"ticks","showgrid":true,"showline":true,"tickformat":"f","ticks":"inside","ticktext":null,"tickvals":null,"title":null,"type":null,"zeroline":true,"zerolinewidth":2}}},"Female":{"data":[{"marker":{"color":"#f99740"},"mode":"lines","name":"10 km","type":"scatter","x":[1999,2000,2001,2002,2003,2004,2005,2006,2007,2008,2009,2010,2011,2012,2013,2014,2015,2016],"y":[15,25,39,35,41,51,46,40,65,51,70,66,67,74,108,110,133,160]},{"marker":{"color":"#40aff9"},"mode":"lines","name":"Semi-marathon","type":"scatter","x":[1999,2000,2001,2002,2003,2004,2005,2006,2007,2008,2009,2010,2011,2012,2013,2014,2015,2016],"y":[23,29,31,43,36,40,52,48,47,58,78,88,87,71,82,99,96,88]},{"marker":{"color":"#f94040"},"mode":"lines","name":"Marathon","type":"scatter","x":[1999,2000,2001,2002,2003,2004,2005,2006,2007,2008,2009,2010,2011,2012,2013,2014,2015,2016],"y":[21,15,31,13,21,22,20,23,23,13,17,23,17,23,33,19,21,15]}],"layout":{"annotations":[{"showarrow":false,"text":"Age category: 51-55 years    Sex category: Female runners","xref":"paper","y":1.1,"yref":"paper"}],"bargap":null,"bargroupgap":null,"barmode":null,"boxmode":null,"height":null,"hovermode":null,"shapes":[],"title":"Evolution of number of participants over years for runnings of Lausanne Marathon","width":null,"xaxis":{"categoryarray":null,"categoryorder":null,"dtick":null,"mirror":"ticks","showgrid":true,"showline":true,"tickformat":null,"ticks":"inside","ticktext":[1999,2000,2001,2002,2003,2004,2005,2006,2007,2008,2009,2010,2011,2012,2013,2014,2015,2016],"tickvals":[1999,2000,2001,2002,2003,2004,2005,2006,2007,2008,2009,2010,2011,2012,2013,2014,2015,2016],"title":"Years","type":null,"zeroline":true,"zerolinewidth":2},"yaxis":{"categoryarray":null,"categoryorder":null,"dtick":null,"mirror":"ticks","showgrid":true,"showline":true,"tickformat":"f","ticks":"inside","ticktext":null,"tickvals":null,"title":null,"type":null,"zeroline":true,"zerolinewidth":2}}},"Male":{"data":[{"marker":{"color":"#f99740"},"mode":"lines","name":"10 km","type":"scatter","x":[1999,2000,2001,2002,2003,2004,2005,2006,2007,2008,2009,2010,2011,2012,2013,2014,2015,2016],"y":[54,53,69,73,67,71,74,110,105,102,127,141,163,156,176,190,189,237]},{"marker":{"color":"#40aff9"},"mode":"lines","name":"Semi-marathon","type":"scatter","x":[1999,2000,2001,2002,2003,2004,2005,2006,2007,2008,2009,2010,2011,2012,2013,2014,2015,2016],"y":[111,119,128,129,141,168,183,157,175,168,178,226,235,201,256,238,243,254]},{"marker":{"color":"#f94040"},"mode":"lines","name":"Marathon","type":"scatter","x":[1999,2000,2001,2002,2003,2004,2005,2006,2007,2008,2009,2010,2011,2012,2013,2014,2015,2016],"y":[97,128,140,131,147,136,153,130,111,102,97,128,88,99,101,104,110,116]}],"layout":{"annotations":[{"showarrow":false,"text":"Age category: 51-55 years    Sex category: Male runners","xref":"paper","y":1.1,"yref":"paper"}],"bargap":null,"bargroupgap":null,"barmode":null,"boxmode":null,"height":null,"hovermode":null,"shapes":[],"title":"Evolution of number of participants over years for runnings of Lausanne Marathon","width":null,"xaxis":{"categoryarray":null,"categoryorder":null,"dtick":null,"mirror":"ticks","showgrid":true,"showline":true,"tickformat":null,"ticks":"inside","ticktext":[1999,2000,2001,2002,2003,2004,2005,2006,2007,2008,2009,2010,2011,2012,2013,2014,2015,2016],"tickvals":[1999,2000,2001,2002,2003,2004,2005,2006,2007,2008,2009,2010,2011,2012,2013,2014,2015,2016],"title":"Years","type":null,"zeroline":true,"zerolinewidth":2},"yaxis":{"categoryarray":null,"categoryorder":null,"dtick":null,"mirror":"ticks","showgrid":true,"showline":true,"tickformat":"f","ticks":"inside","ticktext":null,"tickvals":null,"title":null,"type":null,"zeroline":true,"zerolinewidth":2}}}},"56-60 years":{"All":{"data":[{"marker":{"color":"#f99740"},"mode":"lines","name":"10 km","type":"scatter","x":[1999,2000,2001,2002,2003,2004,2005,2006,2007,2008,2009,2010,2011,2012,2013,2014,2015,2016],"y":[39,42,64,69,82,97,93,110,96,105,117,120,115,120,140,166,198,225]},{"marker":{"color":"#40aff9"},"mode":"lines","name":"Semi-marathon","type":"scatter","x":[1999,2000,2001,2002,2003,2004,2005,2006,2007,2008,2009,2010,2011,2012,2013,2014,2015,2016],"y":[54,71,77,85,109,129,129,140,136,124,143,140,137,127,175,165,180,205]},{"marker":{"color":"#f94040"},"mode":"lines","name":"Marathon","type":"scatter","x":[1999,2000,2001,2002,2003,2004,2005,2006,2007,2008,2009,2010,2011,2012,2013,2014,2015,2016],"y":[49,64,71,75,64,95,90,85,94,69,57,72,82,61,69,75,63,86]}],"layout":{"annotations":[{"showarrow":false,"text":"Age category: 56-60 years    Sex category: All runners","xref":"paper","y":1.1,"yref":"paper"}],"bargap":null,"bargroupgap":null,"barmode":null,"boxmode":null,"height":null,"hovermode":null,"shapes":[],"title":"Evolution of number of participants over years for runnings of Lausanne Marathon","width":null,"xaxis":{"categoryarray":null,"categoryorder":null,"dtick":null,"mirror":"ticks","showgrid":true,"showline":true,"tickformat":null,"ticks":"inside","ticktext":[1999,2000,2001,2002,2003,2004,2005,2006,2007,2008,2009,2010,2011,2012,2013,2014,2015,2016],"tickvals":[1999,2000,2001,2002,2003,2004,2005,2006,2007,2008,2009,2010,2011,2012,2013,2014,2015,2016],"title":"Years","type":null,"zeroline":true,"zerolinewidth":2},"yaxis":{"categoryarray":null,"categoryorder":null,"dtick":null,"mirror":"ticks","showgrid":true,"showline":true,"tickformat":"f","ticks":"inside","ticktext":null,"tickvals":null,"title":null,"type":null,"zeroline":true,"zerolinewidth":2}}},"Female":{"data":[{"marker":{"color":"#f99740"},"mode":"lines","name":"10 km","type":"scatter","x":[1999,2000,2001,2002,2003,2004,2005,2006,2007,2008,2009,2010,2011,2012,2013,2014,2015,2016],"y":[12,9,17,21,19,23,29,33,34,35,39,37,35,37,51,62,74,86]},{"marker":{"color":"#40aff9"},"mode":"lines","name":"Semi-marathon","type":"scatter","x":[1999,2000,2001,2002,2003,2004,2005,2006,2007,2008,2009,2010,2011,2012,2013,2014,2015,2016],"y":[9,10,12,12,21,31,25,32,30,32,36,29,29,37,48,33,37,48]},{"marker":{"color":"#f94040"},"mode":"lines","name":"Marathon","type":"scatter","x":[1999,2000,2001,2002,2003,2004,2005,2006,2007,2008,2009,2010,2011,2012,2013,2014,2015,2016],"y":[4,6,8,7,9,18,10,10,17,11,9,11,15,10,10,12,9,11]}],"layout":{"annotations":[{"showarrow":false,"text":"Age category: 56-60 years    Sex category: Female runners","xref":"paper","y":1.1,"yref":"paper"}],"bargap":null,"bargroupgap":null,"barmode":null,"boxmode":null,"height":null,"hovermode":null,"shapes":[],"title":"Evolution of number of participants over years for runnings of Lausanne Marathon","width":null,"xaxis":{"categoryarray":null,"categoryorder":null,"dtick":null,"mirror":"ticks","showgrid":true,"showline":true,"tickformat":null,"ticks":"inside","ticktext":[1999,2000,2001,2002,2003,2004,2005,2006,2007,2008,2009,2010,2011,2012,2013,2014,2015,2016],"tickvals":[1999,2000,2001,2002,2003,2004,2005,2006,2007,2008,2009,2010,2011,2012,2013,2014,2015,2016],"title":"Years","type":null,"zeroline":true,"zerolinewidth":2},"yaxis":{"categoryarray":null,"categoryorder":null,"dtick":null,"mirror":"ticks","showgrid":true,"showline":true,"tickformat":"f","ticks":"inside","ticktext":null,"tickvals":null,"title":null,"type":null,"zeroline":true,"zerolinewidth":2}}},"Male":{"data":[{"marker":{"color":"#f99740"},"mode":"lines","name":"10 km","type":"scatter","x":[1999,2000,2001,2002,2003,2004,2005,2006,2007,2008,2009,2010,2011,2012,2013,2014,2015,2016],"y":[27,33,47,48,63,74,64,77,62,70,78,83,80,83,89,104,124,139]},{"marker":{"color":"#40aff9"},"mode":"lines","name":"Semi-marathon","type":"scatter","x":[1999,2000,2001,2002,2003,2004,2005,2006,2007,2008,2009,2010,2011,2012,2013,2014,2015,2016],"y":[45,61,65,73,88,98,104,108,106,92,107,111,108,90,127,132,143,157]},{"marker":{"color":"#f94040"},"mode":"lines","name":"Marathon","type":"scatter","x":[1999,2000,2001,2002,2003,2004,2005,2006,2007,2008,2009,2010,2011,2012,2013,2014,2015,2016],"y":[45,58,63,68,55,77,80,75,77,58,48,61,67,51,59,63,54,75]}],"layout":{"annotations":[{"showarrow":false,"text":"Age category: 56-60 years    Sex category: Male runners","xref":"paper","y":1.1,"yref":"paper"}],"bargap":null,"bargroupgap":null,"barmode":null,"boxmode":null,"height":null,"hovermode":null,"shapes":[],"title":"Evolution of number of participants over years for runnings of Lausanne Marathon","width":null,"xaxis":{"categoryarray":null,"categoryorder":null,"dtick":null,"mirror":"ticks","showgrid":true,"showline":true,"tickformat":null,"ticks":"inside","ticktext":[1999,2000,2001,2002,2003,2004,2005,2006,2007,2008,2009,2010,2011,2012,2013,2014,2015,2016],"tickvals":[1999,2000,2001,2002,2003,2004,2005,2006,2007,2008,2009,2010,2011,2012,2013,2014,2015,2016],"title":"Years","type":null,"zeroline":true,"zerolinewidth":2},"yaxis":{"categoryarray":null,"categoryorder":null,"dtick":null,"mirror":"ticks","showgrid":true,"showline":true,"tickformat":"f","ticks":"inside","ticktext":null,"tickvals":null,"title":null,"type":null,"zeroline":true,"zerolinewidth":2}}}},"61-65 years":{"All":{"data":[{"marker":{"color":"#f99740"},"mode":"lines","name":"10 km","type":"scatter","x":[1999,2000,2001,2002,2003,2004,2005,2006,2007,2008,2009,2010,2011,2012,2013,2014,2015,2016],"y":[18,27,28,37,31,50,50,55,59,67,82,78,75,68,83,81,90,105]},{"marker":{"color":"#40aff9"},"mode":"lines","name":"Semi-marathon","type":"scatter","x":[1999,2000,2001,2002,2003,2004,2005,2006,2007,2008,2009,2010,2011,2012,2013,2014,2015,2016],"y":[38,42,40,47,49,62,57,57,71,63,75,65,75,55,95,92,87,73]},{"marker":{"color":"#f94040"},"mode":"lines","name":"Marathon","type":"scatter","x":[1999,2000,2001,2002,2003,2004,2005,2006,2007,2008,2009,2010,2011,2012,2013,2014,2015,2016],"y":[33,36,39,32,16,39,30,30,49,29,33,37,44,33,42,32,34,34]}],"layout":{"annotations":[{"showarrow":false,"text":"Age category: 61-65 years    Sex category: All runners","xref":"paper","y":1.1,"yref":"paper"}],"bargap":null,"bargroupgap":null,"barmode":null,"boxmode":null,"height":null,"hovermode":null,"shapes":[],"title":"Evolution of number of participants over years for runnings of Lausanne Marathon","width":null,"xaxis":{"categoryarray":null,"categoryorder":null,"dtick":null,"mirror":"ticks","showgrid":true,"showline":true,"tickformat":null,"ticks":"inside","ticktext":[1999,2000,2001,2002,2003,2004,2005,2006,2007,2008,2009,2010,2011,2012,2013,2014,2015,2016],"tickvals":[1999,2000,2001,2002,2003,2004,2005,2006,2007,2008,2009,2010,2011,2012,2013,2014,2015,2016],"title":"Years","type":null,"zeroline":true,"zerolinewidth":2},"yaxis":{"categoryarray":null,"categoryorder":null,"dtick":null,"mirror":"ticks","showgrid":true,"showline":true,"tickformat":"f","ticks":"inside","ticktext":null,"tickvals":null,"title":null,"type":null,"zeroline":true,"zerolinewidth":2}}},"Female":{"data":[{"marker":{"color":"#f99740"},"mode":"lines","name":"10 km","type":"scatter","x":[1999,2000,2001,2002,2003,2004,2005,2006,2007,2008,2009,2010,2011,2012,2013,2014,2015,2016],"y":[5,4,1,4,6,14,9,7,8,15,14,14,21,22,34,28,31,30]},{"marker":{"color":"#40aff9"},"mode":"lines","name":"Semi-marathon","type":"scatter","x":[1999,2000,2001,2002,2003,2004,2005,2006,2007,2008,2009,2010,2011,2012,2013,2014,2015,2016],"y":[3,6,5,8,4,11,6,6,11,12,17,16,23,12,30,17,20,19]},{"marker":{"color":"#f94040"},"mode":"lines","name":"Marathon","type":"scatter","x":[1999,2000,2001,2002,2003,2004,2005,2006,2007,2008,2009,2010,2011,2012,2013,2014,2015,2016],"y":[1,4,6,0,1,7,0,1,16,3,3,6,5,4,6,5,3,4]}],"layout":{"annotations":[{"showarrow":false,"text":"Age category: 61-65 years    Sex category: Female runners","xref":"paper","y":1.1,"yref":"paper"}],"bargap":null,"bargroupgap":null,"barmode":null,"boxmode":null,"height":null,"hovermode":null,"shapes":[],"title":"Evolution of number of participants over years for runnings of Lausanne Marathon","width":null,"xaxis":{"categoryarray":null,"categoryorder":null,"dtick":null,"mirror":"ticks","showgrid":true,"showline":true,"tickformat":null,"ticks":"inside","ticktext":[1999,2000,2001,2002,2003,2004,2005,2006,2007,2008,2009,2010,2011,2012,2013,2014,2015,2016],"tickvals":[1999,2000,2001,2002,2003,2004,2005,2006,2007,2008,2009,2010,2011,2012,2013,2014,2015,2016],"title":"Years","type":null,"zeroline":true,"zerolinewidth":2},"yaxis":{"categoryarray":null,"categoryorder":null,"dtick":null,"mirror":"ticks","showgrid":true,"showline":true,"tickformat":"f","ticks":"inside","ticktext":null,"tickvals":null,"title":null,"type":null,"zeroline":true,"zerolinewidth":2}}},"Male":{"data":[{"marker":{"color":"#f99740"},"mode":"lines","name":"10 km","type":"scatter","x":[1999,2000,2001,2002,2003,2004,2005,2006,2007,2008,2009,2010,2011,2012,2013,2014,2015,2016],"y":[13,23,27,33,25,36,41,48,51,52,68,64,54,46,49,53,59,75]},{"marker":{"color":"#40aff9"},"mode":"lines","name":"Semi-marathon","type":"scatter","x":[1999,2000,2001,2002,2003,2004,2005,2006,2007,2008,2009,2010,2011,2012,2013,2014,2015,2016],"y":[35,36,35,39,45,51,51,51,60,51,58,49,52,43,65,75,67,54]},{"marker":{"color":"#f94040"},"mode":"lines","name":"Marathon","type":"scatter","x":[1999,2000,2001,2002,2003,2004,2005,2006,2007,2008,2009,2010,2011,2012,2013,2014,2015,2016],"y":[32,32,33,32,15,32,30,29,33,26,30,31,39,29,36,27,31,30]}],"layout":{"annotations":[{"showarrow":false,"text":"Age category: 61-65 years    Sex category: Male runners","xref":"paper","y":1.1,"yref":"paper"}],"bargap":null,"bargroupgap":null,"barmode":null,"boxmode":null,"height":null,"hovermode":null,"shapes":[],"title":"Evolution of number of participants over years for runnings of Lausanne Marathon","width":null,"xaxis":{"categoryarray":null,"categoryorder":null,"dtick":null,"mirror":"ticks","showgrid":true,"showline":true,"tickformat":null,"ticks":"inside","ticktext":[1999,2000,2001,2002,2003,2004,2005,2006,2007,2008,2009,2010,2011,2012,2013,2014,2015,2016],"tickvals":[1999,2000,2001,2002,2003,2004,2005,2006,2007,2008,2009,2010,2011,2012,2013,2014,2015,2016],"title":"Years","type":null,"zeroline":true,"zerolinewidth":2},"yaxis":{"categoryarray":null,"categoryorder":null,"dtick":null,"mirror":"ticks","showgrid":true,"showline":true,"tickformat":"f","ticks":"inside","ticktext":null,"tickvals":null,"title":null,"type":null,"zeroline":true,"zerolinewidth":2}}}},"65+ years":{"All":{"data":[{"marker":{"color":"#f99740"},"mode":"lines","name":"10 km","type":"scatter","x":[1999,2000,2001,2002,2003,2004,2005,2006,2007,2008,2009,2010,2011,2012,2013,2014,2015,2016],"y":[9,16,16,26,23,36,29,45,44,44,54,46,57,56,74,83,88,93]},{"marker":{"color":"#40aff9"},"mode":"lines","name":"Semi-marathon","type":"scatter","x":[1999,2000,2001,2002,2003,2004,2005,2006,2007,2008,2009,2010,2011,2012,2013,2014,2015,2016],"y":[17,31,26,29,38,43,38,37,31,32,37,44,46,42,70,59,53,61]},{"marker":{"color":"#f94040"},"mode":"lines","name":"Marathon","type":"scatter","x":[1999,2000,2001,2002,2003,2004,2005,2006,2007,2008,2009,2010,2011,2012,2013,2014,2015,2016],"y":[15,16,18,17,10,17,17,11,22,17,13,16,19,9,19,19,21,15]}],"layout":{"annotations":[{"showarrow":false,"text":"Age category: 65+ years    Sex category: All runners","xref":"paper","y":1.1,"yref":"paper"}],"bargap":null,"bargroupgap":null,"barmode":null,"boxmode":null,"height":null,"hovermode":null,"shapes":[],"title":"Evolution of number of participants over years for runnings of Lausanne Marathon","width":null,"xaxis":{"categoryarray":null,"categoryorder":null,"dtick":null,"mirror":"ticks","showgrid":true,"showline":true,"tickformat":null,"ticks":"inside","ticktext":[1999,2000,2001,2002,2003,2004,2005,2006,2007,2008,2009,2010,2011,2012,2013,2014,2015,2016],"tickvals":[1999,2000,2001,2002,2003,2004,2005,2006,2007,2008,2009,2010,2011,2012,2013,2014,2015,2016],"title":"Years","type":null,"zeroline":true,"zerolinewidth":2},"yaxis":{"categoryarray":null,"categoryorder":null,"dtick":null,"mirror":"ticks","showgrid":true,"showline":true,"tickformat":"f","ticks":"inside","ticktext":null,"tickvals":null,"title":null,"type":null,"zeroline":true,"zerolinewidth":2}}},"Female":{"data":[{"marker":{"color":"#f99740"},"mode":"lines","name":"10 km","type":"scatter","x":[1999,2000,2001,2002,2003,2004,2005,2006,2007,2008,2009,2010,2011,2012,2013,2014,2015,2016],"y":[1,3,4,4,3,1,2,5,8,6,9,2,5,9,17,11,15,26]},{"marker":{"color":"#40aff9"},"mode":"lines","name":"Semi-marathon","type":"scatter","x":[1999,2000,2001,2002,2003,2004,2005,2006,2007,2008,2009,2010,2011,2012,2013,2014,2015,2016],"y":[0,4,5,7,6,3,6,4,5,3,2,7,9,11,13,10,10,15]},{"marker":{"color":"#f94040"},"mode":"lines","name":"Marathon","type":"scatter","x":[1999,2000,2001,2002,2003,2004,2005,2006,2007,2008,2009,2010,2011,2012,2013,2014,2015,2016],"y":[3,1,4,1,1,3,0,0,4,2,1,2,0,1,4,3,3,2]}],"layout":{"annotations":[{"showarrow":false,"text":"Age category: 65+ years    Sex category: Female runners","xref":"paper","y":1.1,"yref":"paper"}],"bargap":null,"bargroupgap":null,"barmode":null,"boxmode":null,"height":null,"hovermode":null,"shapes":[],"title":"Evolution of number of participants over years for runnings of Lausanne Marathon","width":null,"xaxis":{"categoryarray":null,"categoryorder":null,"dtick":null,"mirror":"ticks","showgrid":true,"showline":true,"tickformat":null,"ticks":"inside","ticktext":[1999,2000,2001,2002,2003,2004,2005,2006,2007,2008,2009,2010,2011,2012,2013,2014,2015,2016],"tickvals":[1999,2000,2001,2002,2003,2004,2005,2006,2007,2008,2009,2010,2011,2012,2013,2014,2015,2016],"title":"Years","type":null,"zeroline":true,"zerolinewidth":2},"yaxis":{"categoryarray":null,"categoryorder":null,"dtick":null,"mirror":"ticks","showgrid":true,"showline":true,"tickformat":"f","ticks":"inside","ticktext":null,"tickvals":null,"title":null,"type":null,"zeroline":true,"zerolinewidth":2}}},"Male":{"data":[{"marker":{"color":"#f99740"},"mode":"lines","name":"10 km","type":"scatter","x":[1999,2000,2001,2002,2003,2004,2005,2006,2007,2008,2009,2010,2011,2012,2013,2014,2015,2016],"y":[8,13,12,22,20,35,27,40,36,38,45,44,52,47,57,72,73,67]},{"marker":{"color":"#40aff9"},"mode":"lines","name":"Semi-marathon","type":"scatter","x":[1999,2000,2001,2002,2003,2004,2005,2006,2007,2008,2009,2010,2011,2012,2013,2014,2015,2016],"y":[17,27,21,22,32,40,32,33,26,29,35,37,37,31,57,49,43,46]},{"marker":{"color":"#f94040"},"mode":"lines","name":"Marathon","type":"scatter","x":[1999,2000,2001,2002,2003,2004,2005,2006,2007,2008,2009,2010,2011,2012,2013,2014,2015,2016],"y":[12,15,14,16,9,14,17,11,18,15,12,14,19,8,15,16,18,13]}],"layout":{"annotations":[{"showarrow":false,"text":"Age category: 65+ years    Sex category: Male runners","xref":"paper","y":1.1,"yref":"paper"}],"bargap":null,"bargroupgap":null,"barmode":null,"boxmode":null,"height":null,"hovermode":null,"shapes":[],"title":"Evolution of number of participants over years for runnings of Lausanne Marathon","width":null,"xaxis":{"categoryarray":null,"categoryorder":null,"dtick":null,"mirror":"ticks","showgrid":true,"showline":true,"tickformat":null,"ticks":"inside","ticktext":[1999,2000,2001,2002,2003,2004,2005,2006,2007,2008,2009,2010,2011,2012,2013,2014,2015,2016],"tickvals":[1999,2000,2001,2002,2003,2004,2005,2006,2007,2008,2009,2010,2011,2012,2013,2014,2015,2016],"title":"Years","type":null,"zeroline":true,"zerolinewidth":2},"yaxis":{"categoryarray":null,"categoryorder":null,"dtick":null,"mirror":"ticks","showgrid":true,"showline":true,"tickformat":"f","ticks":"inside","ticktext":null,"tickvals":null,"title":null,"type":null,"zeroline":true,"zerolinewidth":2}}}},"All":{"All":{"data":[{"marker":{"color":"#f99740"},"mode":"lines","name":"10 km","type":"scatter","x":[1999,2000,2001,2002,2003,2004,2005,2006,2007,2008,2009,2010,2011,2012,2013,2014,2015,2016],"y":[1273,1308,1477,1484,1640,2040,1970,2092,2122,2202,2748,2991,3122,3192,3902,4973,5045,5020]},{"marker":{"color":"#40aff9"},"mode":"lines","name":"Semi-marathon","type":"scatter","x":[1999,2000,2001,2002,2003,2004,2005,2006,2007,2008,2009,2010,2011,2012,2013,2014,2015,2016],"y":[1652,1907,2022,2051,2454,2907,3120,3020,3003,3040,3473,3680,3998,3826,4463,4430,4260,4206]},{"marker":{"color":"#f94040"},"mode":"lines","name":"Marathon","type":"scatter","x":[1999,2000,2001,2002,2003,2004,2005,2006,2007,2008,2009,2010,2011,2012,2013,2014,2015,2016],"y":[1365,1686,1935,1673,1628,1731,1743,1590,1395,1122,1253,1314,1266,1209,1334,1151,1225,1305]}],"layout":{"annotations":[{"showarrow":false,"text":"Age category: All    Sex category: All runners","xref":"paper","y":1.1,"yref":"paper"}],"bargap":null,"bargroupgap":null,"barmode":null,"boxmode":null,"height":null,"hovermode":null,"shapes":[],"title":"Evolution of number of participants over years for runnings of Lausanne Marathon","width":null,"xaxis":{"categoryarray":null,"categoryorder":null,"dtick":null,"mirror":"ticks","showgrid":true,"showline":true,"tickformat":null,"ticks":"inside","ticktext":[1999,2000,2001,2002,2003,2004,2005,2006,2007,2008,2009,2010,2011,2012,2013,2014,2015,2016],"tickvals":[1999,2000,2001,2002,2003,2004,2005,2006,2007,2008,2009,2010,2011,2012,2013,2014,2015,2016],"title":"Years","type":null,"zeroline":true,"zerolinewidth":2},"yaxis":{"categoryarray":null,"categoryorder":null,"dtick":null,"mirror":"ticks","showgrid":true,"showline":true,"tickformat":"f","ticks":"inside","ticktext":null,"tickvals":null,"title":null,"type":null,"zeroline":true,"zerolinewidth":2}}},"Female":{"data":[{"marker":{"color":"#f99740"},"mode":"lines","name":"10 km","type":"scatter","x":[1999,2000,2001,2002,2003,2004,2005,2006,2007,2008,2009,2010,2011,2012,2013,2014,2015,2016],"y":[479,501,559,574,693,850,844,858,915,928,1180,1243,1345,1459,1887,2404,2479,2452]},{"marker":{"color":"#40aff9"},"mode":"lines","name":"Semi-marathon","type":"scatter","x":[1999,2000,2001,2002,2003,2004,2005,2006,2007,2008,2009,2010,2011,2012,2013,2014,2015,2016],"y":[385,462,512,562,632,791,918,866,880,889,1052,1065,1204,1236,1457,1422,1440,1427]},{"marker":{"color":"#f94040"},"mode":"lines","name":"Marathon","type":"scatter","x":[1999,2000,2001,2002,2003,2004,2005,2006,2007,2008,2009,2010,2011,2012,2013,2014,2015,2016],"y":[178,237,391,268,273,271,329,294,226,170,203,179,228,224,230,199,207,219]}],"layout":{"annotations":[{"showarrow":false,"text":"Age category: All    Sex category: Female runners","xref":"paper","y":1.1,"yref":"paper"}],"bargap":null,"bargroupgap":null,"barmode":null,"boxmode":null,"height":null,"hovermode":null,"shapes":[],"title":"Evolution of number of participants over years for runnings of Lausanne Marathon","width":null,"xaxis":{"categoryarray":null,"categoryorder":null,"dtick":null,"mirror":"ticks","showgrid":true,"showline":true,"tickformat":null,"ticks":"inside","ticktext":[1999,2000,2001,2002,2003,2004,2005,2006,2007,2008,2009,2010,2011,2012,2013,2014,2015,2016],"tickvals":[1999,2000,2001,2002,2003,2004,2005,2006,2007,2008,2009,2010,2011,2012,2013,2014,2015,2016],"title":"Years","type":null,"zeroline":true,"zerolinewidth":2},"yaxis":{"categoryarray":null,"categoryorder":null,"dtick":null,"mirror":"ticks","showgrid":true,"showline":true,"tickformat":"f","ticks":"inside","ticktext":null,"tickvals":null,"title":null,"type":null,"zeroline":true,"zerolinewidth":2}}},"Male":{"data":[{"marker":{"color":"#f99740"},"mode":"lines","name":"10 km","type":"scatter","x":[1999,2000,2001,2002,2003,2004,2005,2006,2007,2008,2009,2010,2011,2012,2013,2014,2015,2016],"y":[794,807,918,910,947,1190,1126,1234,1207,1274,1568,1748,1777,1733,2015,2569,2566,2568]},{"marker":{"color":"#40aff9"},"mode":"lines","name":"Semi-marathon","type":"scatter","x":[1999,2000,2001,2002,2003,2004,2005,2006,2007,2008,2009,2010,2011,2012,2013,2014,2015,2016],"y":[1267,1445,1510,1489,1822,2116,2202,2154,2123,2151,2421,2615,2794,2590,3006,3008,2820,2779]},{"marker":{"color":"#f94040"},"mode":"lines","name":"Marathon","type":"scatter","x":[1999,2000,2001,2002,2003,2004,2005,2006,2007,2008,2009,2010,2011,2012,2013,2014,2015,2016],"y":[1187,1449,1544,1405,1355,1460,1414,1296,1169,952,1050,1135,1038,985,1104,952,1018,1086]}],"layout":{"annotations":[{"showarrow":false,"text":"Age category: All    Sex category: Male runners","xref":"paper","y":1.1,"yref":"paper"}],"bargap":null,"bargroupgap":null,"barmode":null,"boxmode":null,"height":null,"hovermode":null,"shapes":[],"title":"Evolution of number of participants over years for runnings of Lausanne Marathon","width":null,"xaxis":{"categoryarray":null,"categoryorder":null,"dtick":null,"mirror":"ticks","showgrid":true,"showline":true,"tickformat":null,"ticks":"inside","ticktext":[1999,2000,2001,2002,2003,2004,2005,2006,2007,2008,2009,2010,2011,2012,2013,2014,2015,2016],"tickvals":[1999,2000,2001,2002,2003,2004,2005,2006,2007,2008,2009,2010,2011,2012,2013,2014,2015,2016],"title":"Years","type":null,"zeroline":true,"zerolinewidth":2},"yaxis":{"categoryarray":null,"categoryorder":null,"dtick":null,"mirror":"ticks","showgrid":true,"showline":true,"tickformat":"f","ticks":"inside","ticktext":null,"tickvals":null,"title":null,"type":null,"zeroline":true,"zerolinewidth":2}}}}}