{"data":[{"marker":{"color":"#f442e8"},"mode":"lines","name":"Female runners","type":"scatter","x":["1999","2000","2001","2002","2003","2004","2005","2006","2007","2008","2009","2010","2011","2012","2013","2014","2015","2016"],"y":[36.0,36.0,37.0,37.0,37.0,37.0,37.0,38.0,39.0,38.0,37.0,38.0,37.0,36.0,36.0,34.0,34.0,35.0]},{"marker":{"color":"#4286f4"},"mode":"lines","name":"Male runners","type":"scatter","x":["1999","2000","2001","2002","2003","2004","2005","2006","2007","2008","2009","2010","2011","2012","2013","2014","2015","2016"],"y":[39.0,39.0,38.0,39.0,39.0,39.0,40.0,41.0,41.0,41.0,40.0,40.0,40.0,39.0,39.0,38.0,38.0,39.0]}],"layout":{"annotations":[],"bargap":null,"bargroupgap":null,"barmode":null,"boxmode":null,"height":null,"hovermode":null,"shapes":[],"title":"Evolution of median age over the years","width":null,"xaxis":{"categoryarray":null,"categoryorder":null,"dtick":null,"mirror":"ticks","showgrid":true,"showline":true,"tickformat":null,"ticks":"inside","ticktext":null,"tickvals":null,"title":"Year","type":null,"zeroline":true,"zerolinewidth":2},"yaxis":{"categoryarray":null,"categoryorder":null,"dtick":null,"mirror":"ticks","showgrid":true,"showline":true,"tickformat":null,"ticks":"inside","ticktext":null,"tickvals":null,"title":"Median age (all runnings)","type":null,"zeroline":true,"zerolinewidth":2}}}